SKU,Title,"Last Received","30 Days Item Sale",Quantity,"True Cost",D1,P1,"Sale Price","Date Updated",Competitor,"Previous Price",Price
FLX-SAM-1252,"Earpiece Speaker With Earphone Jack for Samsung Galaxy Alpha",N/A,0,5,3.42,7.182,5.69,0.99,"08/02/18 12:00 AM",fixez,0,9.99
SRN-SAM-870,"Touch Screen Digitizer for Samsung Galaxy Grand 2 - Black","10/21/15 12:27 PM",0,3,6.79,11.8825,9.99,7.99,"08/02/18 12:00 AM",fixez,12.99,0
FLX-SAM-1361,"Charging Port/Mic Flex Cable for Samsung Galaxy Mega 6.3 i9200 i9205","03/28/17 11:27 AM",0,2,2.26,4.725,3.49,2.49,"08/02/18 12:01 AM",fixez,0,2.49
TAB-SRN-316,"LCD Screen for Samsung Galaxy Note 10.1 N8000",N/A,0,3,0,109.95,79.19,31.39,"08/02/18 12:21 AM",mobile_sentrix,28.69,0
FLX-SAM-1372,"Earpiece Speaker for Samsung Galaxy S6 Edge Plus ","05/02/16 11:58 AM",0,2,1.49,3.68,2.99,1.89,"08/02/18 01:01 AM",mengtor,1.99,0
FLX-SAM-1522,"Charging Port Replacement for Samsung Galaxy S7 Active",N/A,0,0,0,79.99,0,7.99,"08/02/18 01:40 AM",mengtor,5.99,5.5
TAB-SRN-314,"LCD and Touch Screen Digitizer for Samsung Galaxy Tab 3 8.0 - Black","01/26/16 01:44 PM",0,3,35.74,50.64,46.09,64.99,"08/02/18 02:00 AM",mengtor,39.99,38.99
FLX-TAB-171,"Charging Port for Samsung Galaxy Tab 3 8.0 T310 ",N/A,0,0,0,14.99,0,3.29,"08/02/18 02:20 AM",fixez,6.49,0
SRN-LGM-691,"LCD and Touch Screen Digitizer for LG G6 - White","11/21/17 04:43 PM",0,0,80.6,164.99,0,76.99,"08/02/18 02:40 AM",fixez,0,54.49
SRN-LGM-692,"LCD and Touch Screen Digitizer for LG G6 - Black","01/12/18 02:18 PM",0,0,80.35,164.99,0,64.99,"08/02/18 02:40 AM",fixez,59.49,0
SRN-LGM-692,"LCD and Touch Screen Digitizer for LG G6 - Black","01/12/18 02:18 PM",0,0,80.35,164.99,0,64.99,"08/02/18 02:41 AM",mengtor,54.99,53.99
SRN-LGM-693,"LCD and Touch Screen Digitizer for LG G6 - Silver","01/12/18 02:18 PM",0,0,80.35,164.99,0,64.49,"08/02/18 02:41 AM",fixez,54.49,0
BT-BP-30216,"Battery for Apple iPad Air 2 7340mAH Li-Polymer","06/01/18 03:17 PM",5,17,13.03,24.99,16.99,16.29,"08/02/18 02:41 AM",fixez,0,19.49
SRN-HTC-1148,"LCD and Touch Screen Digitizer for HTC Desire 626","03/06/18 02:23 PM",0,2,14.56,29.99,21.39,19.89,"08/02/18 03:01 AM",fixez,29.49,0
FLX-HTC-609,"Earpiece Speaker for HTC One A9",N/A,0,2,1.01,2.42,1.89,1.99,"08/02/18 03:40 AM",fixez,0,4.99
FLX-LGM-618,"Charging Port Replacement for LG G Vista",N/A,0,0,0,9.99,0,4.99,"08/02/18 04:20 AM",fixez,8.49,0
FLX-LGM-524,"LG Google Nexus 5 D820 D821 Front Facing Camera Flex Cable","08/07/15 02:32 PM",0,2,2.76,6.21,4.59,5.79,"08/02/18 04:40 AM",fixez,8.49,0
FLX-LGM-520,"LG Google Nexus 5 D820 D821 Charging Port Flex Cable","03/21/18 03:19 PM",0,3,6.41,16.99,9.59,8.09,"08/02/18 04:40 AM",fixez,0,11.49
FLX-LGM-522,"LG Google Nexus 5 D820 D821 Earpiece Speaker Module","06/12/17 01:03 PM",0,7,1.02,3.528,2.79,1.19,"08/02/18 04:40 AM",fixez,4.49,0
FLX-LGM-512,"LG Google Nexus 5 D820 D821 WiFi Antenna Cable Wire - Black","01/17/17 02:58 PM",0,7,1.48,3.726,3.09,1.49,"08/02/18 04:40 AM",fixez,1.49,0
FLX-LGM-593,"Rear Camera Replacement for LG Nexus 5X","04/13/17 12:16 PM",0,0,6.85,12.38,9.99,9.99,"08/02/18 05:00 AM",fixez,0,22.95
FLX-LGM-592,"Home Button Replacement for LG Nexus 5X",N/A,0,5,3.4,7.14,5.69,3.49,"08/02/18 05:00 AM",fixez,4.49,0
FLX-LGM-591,"Loudspeaker Replacement for LG Nexus 5X",N/A,0,4,7.28,12.38,9.99,5.99,"08/02/18 05:00 AM",fixez,0,7.49
SRN-LGM-360,"Touch Screen Digitizer for LG Optimus F6 D500 D505 Black","03/06/15 01:35 PM",0,2,5.85,10.53,9.09,8.49,"08/02/18 05:20 AM",fixez,0,12.99
SRN-LGM-170,"LG Optimus F7 US780 Touch Screen Digitizer - Black","01/26/16 03:02 PM",0,0,6.34,11.1,9.39,0,"08/02/18 05:20 AM",fixez,14.99,0
FLX-LGM-552,"LG Optimus G PRO E980 Home Button Charging Port Flex","01/24/18 11:42 AM",4,6,3.74,7.938,6.29,0.99,"08/02/18 05:20 AM",fixez,0,14.99
FLX-LGM-626,"Front Camera Flex Cable for LG V20",N/A,0,0,0,25.99,0,4.99,"08/02/18 05:40 AM",mengtor,0,4.5
FLX-LGM-625,"Secondary Rear Camera Flex Cable for LG V20",N/A,0,0,0,31.99,0,4.99,"08/02/18 05:40 AM",fixez,0,8.49
FLX-HTC-258,"HTC One X Dock Connector with PCB Board Flex Cable",N/A,0,11,0,8.95,6.39,0.99,"08/02/18 06:00 AM",etrade_supply,7.06,7.01
BT-BP-30228,"BinTEK Battery for Apple iPad Pro 9.7 7306mAH Li-Polymer Premium ","09/11/17 02:05 PM",8,6,18.81,29.99,29.99,16.89,"08/02/18 06:00 AM",fixez,0,14.49
BT-BP-30289,"BinTEK iPhone 7 1960mAH Li-Polymer Premium Battery","08/01/18 03:03 PM",130,98,5.37,14.99,7.6,9.99,"08/02/18 06:00 AM",mobile_sentrix,7.03,6.94
BT-BP-30290,"BinTEK iPhone 7 Plus 2910mAH Li-Polymer Premium Battery","08/01/18 03:03 PM",72,238,6.07,19.99,19.99,10.99,"08/02/18 06:00 AM",mobile_sentrix,14.13,13.9
BT-BP-30068,"BinTEK Battery for Samsung Galaxy Note 3 B800BE 3200mAH Li-Ion Premium ","08/02/18 12:40 PM",0,25,4.62,9.99,9.99,5.79,"08/02/18 06:20 AM",fixez,12.99,0
BT-BP-30060,"BinTEK Battery for Samsung Galaxy S3 EB-L1G6LLU 2100mAH Li-Ion Premium ","08/02/18 12:40 PM",0,25,4.47,12.99,12.99,6.99,"08/02/18 06:20 AM",fixez,6.49,0
BT-BP-30076,"BinTEK Battery for  Samsung Galaxy S4 B600BE 2600mAH Li-Ion Premium ","08/02/18 12:40 PM",0,50,4.47,7.99,7.99,5.99,"08/02/18 06:20 AM",fixez,0,9.49
BT-BP-30230,"Battery for Samsung Galaxy S7 3000mAH Li-Polymer","06/21/18 11:05 AM",10,0,3.61,12.99,12.99,7.99,"08/02/18 06:40 AM",fixez,0,11.49
BTY-SAM-095,"Battery for Samsung Galaxy Tab 2 7.0 4000mAh ","06/30/17 02:35 PM",0,0,4.73,8.987,7.59,0,"08/02/18 06:40 AM",fixez,19.99,0
BT-BP-30036,"BinTEK LG Optimus G E970 LS970 BL-T5 2100mAH Premium Battery","05/04/17 03:14 PM",0,22,3.16,10.99,10.99,5.99,"08/02/18 07:00 AM",fixez,0,9.99
BT-BP-30066,"BinTEK HTC One M8 2600mAH Li-Ion Premium Battery","08/02/18 12:40 PM",3,15,4.77,13.99,13.99,6.99,"08/02/18 07:00 AM",fixez,0,11.49
BT-BP-30066,"BinTEK HTC One M8 2600mAH Li-Ion Premium Battery","08/02/18 12:40 PM",3,15,4.77,13.99,13.99,6.99,"08/02/18 07:00 AM",mobile_defenders,4.99,0
BTY-COV-1477,"Front Housing Mid Cover Frame Bezel for Samsung Galaxy Note 2 L900 i605 - Black","11/30/15 01:02 PM",0,1,4.54,7.854,6.19,0.99,"08/02/18 07:21 AM",mengtor,2.99,0
BTY-COV-1570,"Back Cover for Samsung Galaxy Note 5 - White Pearl","05/24/18 12:31 PM",5,33,3.11,10.73,9.24,4.99,"08/02/18 07:22 AM",fixez,0,8.49
BTY-COV-116,"Midframe Bezel for Samsung Galaxy S3 L710 -  Blue",N/A,0,9,0,7.95,4.99,0.99,"08/02/18 08:00 AM",mobile_sentrix,0,3.52
BTY-COV-178,"Rear Housing Frame for Samsung Galaxy S3 i747 - White","05/26/15 10:40 AM",0,2,3.12,6.552,5.19,0.99,"08/02/18 08:00 AM",mobile_sentrix,0,3.52
BTY-COV-212,"Rear Battery Cover for Samsung Galaxy S4 R970 US Cellular - White","03/15/18 01:59 PM",0,4,1.38,5.95,3.99,1.99,"08/02/18 08:00 AM",fixez,7.49,0
BTY-COV-170,"Samsung Galaxy S4 i545 Rear Housing Frame - White","03/06/18 02:23 PM",0,2,3.48,6.91,5.49,3.99,"08/02/18 08:00 AM",mobile_sentrix,0,2.98
BTY-COV-1512,"Samsung Galaxy S4 i9500 i9505 i337 M919 Rear Housing Bezel - Silver","07/27/18 04:39 PM",2,5,2.79,8.99,4.29,4.29,"08/02/18 08:00 AM",mobile_sentrix,0,2.13
BTY-COV-162,"Samsung Galaxy S4 i9505 i337 M919 Midframe Bezel - Silver","05/10/18 04:59 PM",3,7,2.65,6.64,4.89,3.99,"08/02/18 08:20 AM",fixez,0,5.49
BTY-COV-504,"Rear Housing for Samsung Galaxy S5 - White","05/31/18 12:28 PM",0,3,3.79,9.99,7.79,4.99,"08/02/18 08:20 AM",fixez,8.49,0
BTY-COV-1633,"Rear Glass for Samsung Galaxy S6 - Blue Topaz",N/A,0,0,3.37,7.08,5.59,5.49,"08/02/18 08:20 AM",fixez,7.49,0
BTY-COV-1634,"Midframe for Samsung Galaxy S6 G920V G920P - White","08/31/17 03:20 PM",0,2,8.7,17.22,15.29,13.99,"08/02/18 08:20 AM",fixez,11.49,0
BT-BP-30242,"BinTEK Huawei Nexus 6P 3550mAH Li-Polymer Premium Battery",N/A,0,0,0,16.99,0,8.99,"08/02/18 08:42 AM",fixez,11.49,0
SRN-SNY-128,"LCD and Touch Screen Digitizer for Sony Xperia Z3 - White","05/31/18 12:28 PM",0,5,19.61,31.77,29.5,24.99,"08/02/18 09:00 AM",fixez,0,27.49
BTY-COV-1517,"Rear Battery Cover for Sony Xperia Z3 - Black","09/15/17 03:00 PM",0,0,3.06,7.119,5.59,0.99,"08/02/18 09:01 AM",fixez,7.99,0
FLX-SNY-027,"Front Camera Replacement for Sony Xperia Z5","05/13/16 11:55 AM",0,10,4.17,7.92,6.69,1.99,"08/02/18 09:01 AM",fixez,5.49,0
APL-001-2199,"Touch Screen Digitizer With Home Button for iPad 2 - Black (Premium)","07/25/18 11:40 AM",80,0,7.46,19.99,19.99,8.99,"08/02/18 09:16 AM",fixez,12.49,0
APL-001-2199,"Touch Screen Digitizer With Home Button for iPad 2 - Black (Premium)","07/25/18 11:40 AM",80,0,7.46,19.99,19.99,8.99,"08/02/18 09:18 AM",maya_cellular,11.95,0
APL-001-2447,"Touch Screen Digitizer for iPad Air / iPad 5 (2017) Black - Premium","07/05/18 01:45 PM",29,13,9.01,32.99,0,14.39,"08/02/18 09:19 AM",fixez,13.49,0
APL-001-2200,"Touch Screen Digitizer With Home Button for iPad Air - Black (Premium)","07/27/18 04:55 PM",123,7,9.91,36.99,36.99,15.09,"08/02/18 09:20 AM",mobile_sentrix,15.12,14.92
APL-001-2215,"Touch Screen Digitizer with Home Button And IC Chip for iPad Mini & iPad Mini 2 - White (Premium)","08/01/18 11:26 AM",132,20,10.44,29.99,29.99,15.49,"08/02/18 09:21 AM",fixez,0,19.49
APL-001-2202,"Touch Screen Digitizer with Home Button And IC Chip for iPad Mini & iPad Mini 2 - Black (Premium)","08/01/18 11:26 AM",149,2,10.44,29.99,29.99,15.49,"08/02/18 09:21 AM",mobile_sentrix,15.15,15.54
APL-001-2202,"Touch Screen Digitizer with Home Button And IC Chip for iPad Mini & iPad Mini 2 - Black (Premium)","08/01/18 11:26 AM",149,2,10.44,29.99,29.99,15.49,"08/02/18 09:21 AM",fixez,0,19.49
APL-001-2144,"LCD and Touch Screen Digitizer for iPhone 5 - Black (Premium)","07/25/18 11:40 AM",6,29,13.57,59.99,59.99,16.59,"08/02/18 09:28 AM",fixez,0,19.49
APL-001-0411,"LCD and Touch Screen Digitizer for iPhone 5 - White (Aftermarket Premium / Economy Plus)","08/01/18 11:26 AM",64,60,8,16.99,16.99,10.39,"08/02/18 09:28 AM",mobile_sentrix,10.62,10.49
APL-001-0410,"LCD and Touch Screen Digitizer for iPhone 5 - Black (Aftermarket Premium / Economy Plus)","07/24/18 12:15 PM",80,64,8,16.99,16.99,10.39,"08/02/18 09:29 AM",fixez,0,14.49
APL-001-0410,"LCD and Touch Screen Digitizer for iPhone 5 - Black (Aftermarket Premium / Economy Plus)","07/24/18 12:15 PM",80,64,8,16.99,16.99,10.39,"08/02/18 09:29 AM",mobile_sentrix,10.64,10.56
APL-001-2089,"LCD and Touch Screen Digitizer for iPhone 5C - Black (Premium)","07/10/18 04:33 PM",19,31,13.58,44.99,44.99,17.09,"08/02/18 09:30 AM",mengtor,19.99,0
SRN-SAM-1618,"LCD and Touch Screen Digitizer for Samsung Galaxy S5 - Black (Standard)","07/27/18 04:44 PM",31,20,56.31,99.99,0,69.89,"08/02/18 09:31 AM",fixez,0,99.49
APL-001-2080,"LCD and Touch Screen Digitizer for iPhone 5S SE - White (Premium)","07/11/18 10:17 AM",96,30,13.57,34.85,34.85,16.79,"08/02/18 09:31 AM",mobile_sentrix,16.93,0
APL-001-0732,"LCD and Touch Screen Digitizer for iPhone 5C - Black (Aftermarket Premium / Economy Plus)","07/25/18 12:13 PM",126,137,8,19.99,19.99,10.39,"08/02/18 09:32 AM",fixez,0,17.49
APL-001-0732,"LCD and Touch Screen Digitizer for iPhone 5C - Black (Aftermarket Premium / Economy Plus)","07/25/18 12:13 PM",126,137,8,19.99,19.99,10.39,"08/02/18 09:32 AM",mobile_sentrix,10.64,10.46
APL-001-2090,"LCD and Touch Screen Digitizer for iPhone 5S SE - Black (Premium) ","07/11/18 10:17 AM",119,23,13.57,34.85,34.85,16.79,"08/02/18 09:33 AM",fixez,0,23.49
APL-001-0728,"LCD and Touch Screen Digitizer for iPhone 5S SE - White (Aftermarket Premium / Economy Plus)","08/01/18 11:26 AM",277,163,8,15.99,15.99,10.29,"08/02/18 09:34 AM",fixez,19.49,0
APL-001-0728,"LCD and Touch Screen Digitizer for iPhone 5S SE - White (Aftermarket Premium / Economy Plus)","08/01/18 11:26 AM",277,163,8,15.99,15.99,10.29,"08/02/18 09:34 AM",mobile_sentrix,10.3,10.24
SRN-SAM-1604,"LCD and Touch Screen Digitizer for Samsung Galaxy S6 Edge - Black Sapphire (Standard)",N/A,0,0,0,159.99,0,72.19,"08/02/18 09:38 AM",fixez,176.49,0
SRN-SAM-1626,"LCD and Touch Screen Digitizer for Samsung Galaxy S7 - Gold Platinum (Standard)","07/05/18 04:13 PM",10,0,104.37,199.99,199.99,122.09,"08/02/18 09:38 AM",fixez,0,124.49
SRN-SAM-1626,"LCD and Touch Screen Digitizer for Samsung Galaxy S7 - Gold Platinum (Standard)","07/05/18 04:13 PM",10,0,104.37,199.99,199.99,122.09,"08/02/18 09:38 AM",mobile_defenders,159.99,105.99
SRN-SAM-1610,"LCD and Touch Screen Digitizer for Samsung Galaxy S7 - White (Standard) (No Logo)","07/27/18 04:22 PM",0,10,101.49,199.99,0,122.09,"08/02/18 09:38 AM",mobile_defenders,140.99,105.99
SRN-SAM-1611,"LCD and Touch Screen Digitizer for Samsung Galaxy S7  - Black Onyx (Standard)","07/27/18 04:44 PM",26,6,101.42,199.99,0,142.99,"08/02/18 09:38 AM",mobile_defenders,159.99,105.99
SRN-SAM-1632,"LCD and Touch Screen Digitizer for Samsung Galaxy S7 - Gold (Premium)","07/25/18 01:51 PM",5,0,97.61,189.99,0,109.29,"08/02/18 09:39 AM",fixez,121.49,0
SRN-SAM-1613,"LCD and Touch Screen Digitizer for Samsung Galaxy S7 Edge - Black (Standard)","07/05/18 04:13 PM",23,27,149.47,250.99,0,189.99,"08/02/18 09:40 AM",fixez,199.49,0
APL-001-2091,"LCD and Touch Screen Digitizer for iPhone 6 - Black (Premium)","07/25/18 11:40 AM",89,66,19.89,52.25,52.25,24.99,"08/02/18 09:40 AM",fixez,0,29.49
APL-001-2308,"LCD and Touch Screen Digitizer for iPhone 6 - Black (Aftermarket Premium / Economy Plus)","08/01/18 11:26 AM",896,381,10.5,21.99,21.99,13.29,"08/02/18 09:41 AM",fixez,17.49,0
APL-001-2308,"LCD and Touch Screen Digitizer for iPhone 6 - Black (Aftermarket Premium / Economy Plus)","08/01/18 11:26 AM",896,381,10.5,21.99,21.99,13.29,"08/02/18 09:41 AM",parts_4_cells,0,13
BT-BP-30046,"BinTEK Motorola Droid MAXX XT1080M XT1080 EU40 3500mAH Li-Ion Premium Battery","06/01/18 03:17 PM",0,10,3.61,13.99,13.99,7.99,"08/02/18 09:41 AM",fixez,11.49,0
SRN-SAM-1649,"LCD and Touch Screen Digitizer for Samsung Galaxy S8 With Frame - Midnight Black (Premium)","07/25/18 01:51 PM",3,7,175.61,299.99,0,201.49,"08/02/18 09:41 AM",mobile_sentrix,201.51,204.11
APL-001-2093,"LCD and Touch Screen Digitizer for iPhone 6 Plus - Black (Premium)","07/11/18 10:17 AM",12,41,37.42,99.95,99.95,45.79,"08/02/18 09:42 AM",fixez,52.49,0
APL-001-2093,"LCD and Touch Screen Digitizer for iPhone 6 Plus - Black (Premium)","07/11/18 10:17 AM",12,41,37.42,99.95,99.95,45.79,"08/02/18 09:42 AM",parts_4_cells,0,40
APL-001-2094,"LCD and Touch Screen Digitizer for iPhone 6 Plus - White (Premium)","07/11/18 10:17 AM",10,32,37.42,99.95,99.95,45.79,"08/02/18 09:42 AM",fixez,52.49,0
APL-001-2116,"LCD and Touch Screen Digitizer for iPhone 6 Plus - Black (Aftermarket Premium / Economy Plus)","07/24/18 12:15 PM",278,303,12.5,28.99,28.99,15.99,"08/02/18 09:43 AM",mobile_sentrix,16.96,16.88
SRN-SAM-1737,"LCD and Touch Screen Digitizer with Frame for Samsung Galaxy S9 Blue Frame- Black (Premium)","07/25/18 01:51 PM",2,2,185.61,299.99,0,212.89,"08/02/18 09:43 AM",fixez,0,237.49
SRN-SAM-1737,"LCD and Touch Screen Digitizer with Frame for Samsung Galaxy S9 Blue Frame- Black (Premium)","07/25/18 01:51 PM",2,2,185.61,299.99,0,212.89,"08/02/18 09:43 AM",mobile_defenders,244.99,0
SRN-SAM-1738,"LCD and Touch Screen Digitizer with Frame for Samsung Galaxy S9 Plus (Purple Frame) - Black (Premium)","07/25/18 01:51 PM",0,2,199.61,319.99,0,224.99,"08/02/18 09:43 AM",fixez,0,237.49
SRN-SAM-1736,"LCD and Touch Screen Digitizer with Frame for Samsung Galaxy S9 Purple Frame - Black (Premium)","07/25/18 01:51 PM",1,1,185.61,299.99,0,212.89,"08/02/18 09:43 AM",fixez,237.49,0
APL-001-2136,"LCD and Touch Screen Digitizer for iPhone 6 Plus - White (Aftermarket Premium / Economy Plus)","08/01/18 11:26 AM",422,304,12.5,28.99,28.99,15.99,"08/02/18 09:43 AM",fixez,19.49,0
APL-001-2136,"LCD and Touch Screen Digitizer for iPhone 6 Plus - White (Aftermarket Premium / Economy Plus)","08/01/18 11:26 AM",422,304,12.5,28.99,28.99,15.99,"08/02/18 09:43 AM",mobile_sentrix,16.88,16.81
SRN-SAM-1739,"LCD and Touch Screen Digitizer with Frame for Samsung Galaxy S9 Plus (Blue Frame) - Black (Premium)","07/25/18 01:51 PM",3,1,199.61,319.99,0,224.99,"08/02/18 09:43 AM",mobile_sentrix,0,225.19
SRN-SAM-1740,"LCD and Touch Screen Digitizer with Frame for Samsung Galaxy S9 Plus (Black Frame) - Black (Premium)","07/25/18 01:51 PM",2,0,199.61,319.99,0,224.99,"08/02/18 09:43 AM",fixez,249.49,0
APL-001-2299,"LCD and Touch Screen Digitizer for iPhone 6S - White (Aftermarket Premium / Economy Plus)","07/31/18 01:14 PM",408,411,13.5,44.99,44.99,17.39,"08/02/18 09:44 AM",fixez,27.49,0
APL-001-2211,"LCD and Touch Screen Digitizer for iPhone 6s - White (Premium)","07/10/18 04:33 PM",48,0,27.43,64.99,64.99,32.99,"08/02/18 09:44 AM",fixez,0,35.49
APL-001-2204,"LCD and Touch Screen Digitizer for iPhone 6S Plus - White (Premium)","07/10/18 04:33 PM",15,17,49.74,99.99,99.99,55.79,"08/02/18 09:45 AM",fixez,65.49,0
APL-001-2310,"LCD and Touch Screen Digitizer for iPhone 6S Plus - White (Aftermarket Premium / Economy Plus)","08/01/18 11:26 AM",433,160,16.5,47.99,79.99,21.29,"08/02/18 09:46 AM",mobile_sentrix,23.29,23.18
APL-001-2365,"LCD and Touch Screen Digitizer for iPhone 7 - Black (Premium)","07/11/18 10:17 AM",42,8,45.88,99.99,0,52.99,"08/02/18 09:49 AM",fixez,0,54.49
APL-001-2369,"LCD and Touch Screen Digitizer for iPhone 7 - Black (Aftermarket Premium / Economy Plus)","07/24/18 12:15 PM",548,220,14,36.99,0,19.29,"08/02/18 09:49 AM",fixez,0,24.49
APL-001-2366,"LCD and Touch Screen Digitizer for iPhone 7 Plus - Black (Premium)","07/30/18 12:52 PM",36,17,60.49,109.99,0,72.89,"08/02/18 09:50 AM",fixez,79.49,0
APL-001-2372,"LCD and Touch Screen Digitizer for iPhone 7 Plus - Black (Aftermarket Premium / Economy Plus)","08/01/18 11:26 AM",661,247,17,39.99,0,22.99,"08/02/18 09:50 AM",mobile_sentrix,24.01,24
APL-001-2368,"LCD and Touch Screen Digitizer for iPhone 7 Plus - White (Premium)","07/30/18 12:52 PM",39,7,60.49,109.99,0,72.89,"08/02/18 09:50 AM",fixez,78.49,0
APL-001-2371,"LCD and Touch Screen Digitizer for iPhone 7 Plus - White (Aftermarket Premium / Economy Plus)","08/01/18 11:26 AM",588,225,17,39.99,0,22.99,"08/02/18 09:51 AM",mobile_sentrix,24,23.96
APL-001-2371,"LCD and Touch Screen Digitizer for iPhone 7 Plus - White (Aftermarket Premium / Economy Plus)","08/01/18 11:26 AM",588,225,17,39.99,0,22.99,"08/02/18 09:51 AM",fixez,29.49,0
APL-001-2377,"LCD and Touch Screen Digitizer for iPhone 8 - White (Premium)","07/11/18 10:17 AM",3,19,51.26,129.99,0,64.69,"08/02/18 09:51 AM",fixez,90.49,0
APL-001-2380,"LCD and Touch Screen Digitizer for iPhone 8 - White (Aftermarket Premium / Economy Plus)","07/24/18 12:15 PM",114,106,14.5,37.99,0,19.29,"08/02/18 09:51 AM",mobile_sentrix,23.33,23.21
APL-001-2379,"LCD and Touch Screen Digitizer for iPhone 8 - Black (Aftermarket Premium / Economy Plus)","08/01/18 11:26 AM",110,119,14.5,37.99,0,19.29,"08/02/18 09:52 AM",mobile_sentrix,23.25,23.05
APL-001-2403,"LCD and Touch Screen Digitizer for iPhone X - Black (Premium)",N/A,0,0,0,495.99,0,283.99,"08/02/18 09:53 AM",maya_cellular,272.95,0
APL-001-2403,"LCD and Touch Screen Digitizer for iPhone X - Black (Premium)",N/A,0,0,0,495.99,0,283.99,"08/02/18 09:54 AM",fixez,289.99,279.99
APL-001-2382,"LCD and Touch Screen Digitizer for iPhone 8 Plus - Black (Aftermarket Premium / Economy Plus)","08/01/18 11:26 AM",113,121,17.5,67.99,0,22.99,"08/02/18 09:54 AM",mobile_sentrix,24.93,24.71
SRN-MOT-444,"LCD + Touch Screen Digitizer for Motorola Droid Mini XT1030 White",N/A,0,0,0,25.95,29.69,15.99,"08/02/18 10:01 AM",mobile_sentrix,15.77,0
FLX-MOT-515,"Earpiece Speaker Replacement for Motorola Droid Turbo","02/13/17 01:32 PM",0,0,0.85,2.42,1.89,1.99,"08/02/18 10:20 AM",fixez,4.49,0
BTY-COV-1661,"Back Cover Replacement for Motorola Droid Turbo",N/A,0,0,0,14.99,0,10.99,"08/02/18 10:20 AM",fixez,0,23.99
FLX-MOT-136,"Motorola Droid X MB810 Power Volume Camera Buttons",N/A,0,21,0,6.95,4.59,0.99,"08/02/18 10:40 AM",mobile_sentrix,0,1.14
FLX-MOT-490,"Motorola Moto G XT1032 Earpiece Speaker","03/01/17 12:08 PM",2,2,0.65,1.8,1.59,0.99,"08/02/18 11:01 AM",mobile_sentrix,0.58,0
SRN-MOT-683,"LCD and Touch Screen Digitizer with Frame and Fingerprint Scanner for Motorola Moto G4 Plus - White","01/05/18 04:06 PM",0,29,27.4,50.34,50.34,36.09,"08/02/18 11:20 AM",mengtor,0,24.99
FLX-MOT-384,"Motorola MOTO X XT1060 Antenna Flex","05/04/15 10:48 AM",0,0,8.41,14.297,11.59,3.49,"08/02/18 11:20 AM",mengtor,0,3.5
FLX-MOT-376,"Motorola MOTO X XT1060 Power Volume Flex","11/15/16 12:50 PM",0,0,3.6,7.938,4.49,4.49,"08/02/18 11:40 AM",fixez,0,7.99
SRN-MOT-660,"LCD and Touch Screen Digitizer for Motorola Moto Z Droid XT1650-01 - Black","05/22/18 12:38 PM",1,7,87.19,137.96,137.96,95.59,"08/02/18 11:42 AM",fixez,108.49,0
SRN-MOT-660,"LCD and Touch Screen Digitizer for Motorola Moto Z Droid XT1650-01 - Black","05/22/18 12:38 PM",1,7,87.19,137.96,137.96,95.59,"08/02/18 12:00 PM",mengtor,95.99,93.99
SRN-MOT-681,"LCD and Touch Screen Digitizer for Motorola Moto Z Play Droid XT1635-01 ZT1635-02 - White","12/12/16 11:19 AM",0,0,109.14,139.15,94.69,94.69,"08/02/18 12:00 PM",mengtor,75.99,72.99
SRN-MOT-618,"LCD Touch Screen Digitizer with Frame for Motorola Moto X  XT1060 XT1058 XT1056 XT1053  Black","05/11/18 01:24 PM",1,2,38.29,67.66,61.59,49.79,"08/02/18 12:01 PM",etrade_supply,47.46,0
APL-001-2100,"LCD and Touch Screen Digitizer Assembly for iPhone 6 Plus - White (Premium) - Grade B",N/A,0,4,0,37.99,0,0,"08/02/18 12:01 PM",mobile_defenders,0,51.99
SRN-MOT-617,"LCD Touch Screen Digitizer with Frame for Motorola Moto X - White","06/05/17 02:22 PM",0,1,28.8,41.41,38.49,35.99,"08/02/18 12:20 PM",etrade_supply,48.33,47.97
SRN-LGM-576,"LG G3 D850 D851 D855 VS985 LS990 LCD Digitizer Assembly - Black","04/17/17 10:35 AM",0,0,41.22,56.43,28.09,28.09,"08/02/18 12:21 PM",etrade_supply,98.26,97.52
APL-001-2048,"LCD and Touch Screen Digitizer for iPad Air 2 - Black","07/27/18 04:23 PM",3,11,137.82,299.99,209.89,209.89,"08/02/18 12:21 PM",parts_4_cells,158,130
APL-001-2048,"LCD and Touch Screen Digitizer for iPad Air 2 - Black","07/27/18 04:23 PM",3,11,137.82,299.99,209.89,209.89,"08/02/18 12:21 PM",cell_parts_hub,195,149
APL-001-2047,"LCD and Touch Screen Digitizer for iPad Air 2 - White","05/31/18 10:42 AM",5,6,145.97,299.99,209.89,209.89,"08/02/18 12:40 PM",parts_4_cells,158,130
APL-001-2047,"LCD and Touch Screen Digitizer for iPad Air 2 - White","05/31/18 10:42 AM",5,6,145.97,299.99,209.89,209.89,"08/02/18 12:40 PM",cell_parts_hub,195,149
BT-BP-30068,"BinTEK Battery for Samsung Galaxy Note 3 B800BE 3200mAH Li-Ion Premium ","08/02/18 12:40 PM",0,25,4.62,9.99,9.99,5.79,"08/02/18 12:40 PM",etrade_supply,9.01,8.94
BT-BP-30076,"BinTEK Battery for  Samsung Galaxy S4 B600BE 2600mAH Li-Ion Premium ","08/02/18 12:40 PM",0,50,4.47,7.99,7.99,5.99,"08/02/18 12:40 PM",etrade_supply,9.67,9.6
BT-BP-30154,"BinTEK Battery for Samsung Galaxy S6 2550mAH Li-Polymer Premium ","05/04/18 03:05 PM",1,0,4.26,10.99,10.99,7.99,"08/02/18 12:40 PM",etrade_supply,9.61,9.54
BT-BP-30230,"Battery for Samsung Galaxy S7 3000mAH Li-Polymer","06/21/18 11:05 AM",10,0,3.61,12.99,12.99,7.99,"08/02/18 12:41 PM",parts_4_cells,10,0
BT-BP-30156,"BinTEK Battery for Samsung Galaxy S6 Edge 2600mAH Li-Polymer Premium ","07/03/18 11:30 AM",8,1,5.14,14.99,12.99,7.89,"08/02/18 01:00 PM",etrade_supply,9.01,8.94
FLX-SAM-1536,"Rear Camera Flex Cable for Samsung Galaxy S7","06/13/18 01:48 PM",7,0,6.52,21.48,8.99,11.19,"08/02/18 02:00 PM",etrade_supply,13.52,13.42
SRN-SAM-1389,"LCD and Touch Screen Digitizer for Galaxy Note 5 - Gold Platinum (Standard)","07/27/18 04:39 PM",1,3,111.36,199.99,147.89,147.89,"08/02/18 02:00 PM",etrade_supply,132.88,131.88
FLX-SAM-1395,"Charging Port Flex Cable for Galaxy Note 5 N920V","07/27/18 04:39 PM",8,16,2.34,9.12,4.39,4.19,"08/02/18 02:00 PM",etrade_supply,5.77,5.73
FLX-SAM-1395,"Charging Port Flex Cable for Galaxy Note 5 N920V","07/27/18 04:39 PM",8,16,2.34,9.12,4.39,4.19,"08/02/18 02:00 PM",parts_4_cells,8,7
FLX-SAM-1385,"Loudspeaker for Samsung Galaxy Note 5","06/12/17 01:03 PM",0,3,0.58,6.1,4.49,1.69,"08/02/18 02:00 PM",etrade_supply,1.08,1.07
FLX-SAM-1385,"Loudspeaker for Samsung Galaxy Note 5","06/12/17 01:03 PM",0,3,0.58,6.1,4.49,1.69,"08/02/18 02:00 PM",parts_4_cells,4,2
FLX-SAM-1375,"Charging Port Flex Cable for Samsung Galaxy Note 5 N920P","05/22/18 12:38 PM",0,7,3.01,8.11,8.11,4.39,"08/02/18 02:00 PM",etrade_supply,5.26,5.22
FLX-SAM-1375,"Charging Port Flex Cable for Samsung Galaxy Note 5 N920P","05/22/18 12:38 PM",0,7,3.01,8.11,8.11,4.39,"08/02/18 02:20 PM",parts_4_cells,8,7
FLX-SAM-1384,"Front Camera Flex Cable for Samsung Galaxy Note 5","04/20/17 01:14 PM",0,6,4.65,9.99,9.99,5.69,"08/02/18 02:20 PM",etrade_supply,2.84,2.82
FLX-SAM-1374,"Charging Port Flex Cable for Samsung Galaxy Note 5 N920F","07/01/16 12:34 PM",0,0,5.46,10.58,9.19,6.29,"08/02/18 02:20 PM",etrade_supply,8.65,8.58
FLX-SAM-1373,"Charging Port Flex Cable for Samsung Galaxy Note 5 N920A ","05/22/18 12:38 PM",3,6,4.12,12.99,7.52,5.49,"08/02/18 02:20 PM",etrade_supply,7.12,7.07
FLX-SAM-1373,"Charging Port Flex Cable for Samsung Galaxy Note 5 N920A ","05/22/18 12:38 PM",3,6,4.12,12.99,7.52,5.49,"08/02/18 02:20 PM",parts_4_cells,8,7
FLX-SAM-1381,"Earpiece Speaker for Samsung Galaxy Note 5 ","07/27/18 04:39 PM",1,4,1.28,7.96,7.96,2.99,"08/02/18 02:20 PM",etrade_supply,3.26,3.24
FLX-SAM-1417,"Volume Button Flex Cable for Samsung Galaxy Note 5",N/A,0,3,1.53,3.52,3.52,1.89,"08/02/18 02:20 PM",etrade_supply,2.12,2.1
FLX-SAM-1390,"Stylus Flex Pen Writing Input for Samsung Galaxy Note 5","04/24/17 11:45 AM",0,19,4.3,7.75,6.09,6.39,"08/02/18 02:20 PM",etrade_supply,11.21,11.13
FLX-SAM-1377,"Rear Camera Flex Cable for Samsung Galaxy Note 5","05/15/18 10:50 AM",3,1,3.14,14.06,3.99,3.99,"08/02/18 02:20 PM",parts_4_cells,8,7
FLX-SAM-1379,"Home Button Flex Cable for Samsung Galaxy Note 5 - Gold Platinum","05/31/18 01:10 PM",0,3,6.56,8.17,6.89,8.99,"08/02/18 02:20 PM",etrade_supply,14.38,14.27
FLX-SAM-1396,"Sim Card Tray for Samsung Galaxy Note 5 - White Pearl","08/24/17 02:40 PM",0,5,1.32,4.88,3.58,1.99,"08/02/18 02:20 PM",etrade_supply,1.24,1.23
FLX-SAM-1396,"Sim Card Tray for Samsung Galaxy Note 5 - White Pearl","08/24/17 02:40 PM",0,5,1.32,4.88,3.58,1.99,"08/02/18 02:20 PM",parts_4_cells,4,3
FLX-SAM-1371,"Vibrating Motor for Samsung Galaxy S6, S6 Edge, S6 Edge Plus and Note 5","06/04/18 04:58 PM",0,40,0.47,2.69,2.09,1.19,"08/02/18 02:20 PM",etrade_supply,0.7,0.69
FLX-SAM-1371,"Vibrating Motor for Samsung Galaxy S6, S6 Edge, S6 Edge Plus and Note 5","06/04/18 04:58 PM",0,40,0.47,2.69,2.09,1.19,"08/02/18 02:20 PM",parts_4_cells,3,2
FLX-SAM-1382,"Power Button Flex Cable for Samsung Galaxy Note 5","05/08/18 03:18 PM",0,3,1.03,2.69,2.09,1.39,"08/02/18 02:21 PM",etrade_supply,1.78,1.77
FLX-SAM-1382,"Power Button Flex Cable for Samsung Galaxy Note 5","05/08/18 03:18 PM",0,3,1.03,2.69,2.09,1.39,"08/02/18 02:40 PM",parts_4_cells,4,2
FLX-SAM-1383,"Vibration Motor for Samsung Galaxy Note 5","10/19/16 09:33 AM",0,4,1.12,2.69,2.69,1.39,"08/02/18 02:40 PM",etrade_supply,0.84,0.83
FLX-SAM-1376,"Charging Port Flex Cable for Samsung Galaxy Note 5 N920T ","07/20/18 05:01 PM",1,12,3.65,8.11,8.11,5.29,"08/02/18 02:40 PM",etrade_supply,7.21,7.16
FLX-SAM-1458,"Home Button for Samsung Galaxy Note 5 - White","06/12/17 01:33 PM",0,4,9.12,6.12,4.49,8.99,"08/02/18 02:40 PM",etrade_supply,13,12.9
BTY-COV-1592,"Rear Housing for Samsung Galaxy Note 5 - Gold Platinum","05/31/18 12:28 PM",0,4,7.74,19.99,19.99,9.99,"08/02/18 02:40 PM",etrade_supply,26.09,25.89
BTY-COV-1591,"Rear Housing for Samsung Galaxy Note 5 - White Pearl","01/05/18 04:26 PM",0,1,10.79,19.99,19.99,9.99,"08/02/18 02:40 PM",etrade_supply,37.66,37.38
FLX-SAM-1271,"Earpiece Speaker Module for Samsung Galaxy S6 G920F ","04/13/17 12:16 PM",0,4,1.48,6.4125,4.79,1.49,"08/02/18 02:40 PM",etrade_supply,2.84,2.82
FLX-SAM-1342,"Antenna for Samsung Galaxy S6","05/08/18 03:18 PM",0,5,1.03,3,2.39,1.49,"08/02/18 02:40 PM",etrade_supply,2.1,2.08
FLX-SAM-1342,"Antenna for Samsung Galaxy S6","05/08/18 03:18 PM",0,5,1.03,3,2.39,1.49,"08/02/18 02:40 PM",parts_4_cells,4,2
FLX-SAM-1290,"Home Button Flex Cable for Samsung Galaxy S6 - White","01/08/18 02:58 PM",0,7,2.44,5.76,4.29,2.99,"08/02/18 02:40 PM",etrade_supply,4.87,4.83
FLX-SAM-1354,"Charging Port Flex Cable for Samsung Galaxy S6 G920P ","07/05/18 04:13 PM",0,13,2.5,9.99,7.79,4.99,"08/02/18 02:40 PM",etrade_supply,5.81,5.77
FLX-SAM-1354,"Charging Port Flex Cable for Samsung Galaxy S6 G920P ","07/05/18 04:13 PM",0,13,2.5,9.99,7.79,4.99,"08/02/18 02:40 PM",parts_4_cells,8,6
FLX-SAM-1432,"Home Button Flex Cable for Samsung Galaxy S6 - Gold Platinum","01/08/18 02:58 PM",0,5,2.44,7.01,5.59,2.99,"08/02/18 02:40 PM",etrade_supply,4.87,4.83
FLX-SAM-1431,"Rear Camera Lens for Samsung Galaxy S6 - Gold Platinum","05/22/18 12:38 PM",1,9,0.79,2.99,1.89,0.99,"08/02/18 03:00 PM",etrade_supply,0.67,0.66
FLX-SAM-1431,"Rear Camera Lens for Samsung Galaxy S6 - Gold Platinum","05/22/18 12:38 PM",1,9,0.79,2.99,1.89,0.99,"08/02/18 03:00 PM",parts_4_cells,3,2
FLX-SAM-1341,"Loudspeaker for Samsung Galaxy S6","01/24/18 11:42 AM",0,5,1.5,5.3775,3.99,1.99,"08/02/18 03:00 PM",parts_4_cells,7,2
FLX-SAM-1334,"Power Flex Cable for Samsung Galaxy S6","05/31/18 01:10 PM",0,8,1.03,4.6575,3.49,1.99,"08/02/18 03:00 PM",etrade_supply,1.38,1.37
FLX-SAM-1334,"Power Flex Cable for Samsung Galaxy S6","05/31/18 01:10 PM",0,8,1.03,4.6575,3.49,1.99,"08/02/18 03:00 PM",parts_4_cells,4,2
FLX-SAM-1289,"Earpiece Module for Samsung Galaxy S6","06/13/18 01:48 PM",0,4,0.89,3.95,0,1.49,"08/02/18 03:00 PM",etrade_supply,2.84,2.82
FLX-SAM-1289,"Earpiece Module for Samsung Galaxy S6","06/13/18 01:48 PM",0,4,0.89,3.95,0,1.49,"08/02/18 03:00 PM",parts_4_cells,6,3
FLX-SAM-1392,"LCD Tester Flex Cable for Samsung Galaxy S6 ",N/A,0,6,2.24,5.04,3.79,3.09,"08/02/18 03:00 PM",etrade_supply,2.92,2.9
FLX-SAM-1430,"Charging Port Flex Cable for Samsung Galaxy S6 G920F","05/04/18 03:36 PM",0,3,3.22,9.99,7.39,4.99,"08/02/18 03:00 PM",etrade_supply,6.5,6.45
FLX-SAM-1430,"Charging Port Flex Cable for Samsung Galaxy S6 G920F","05/04/18 03:36 PM",0,3,3.22,9.99,7.39,4.99,"08/02/18 03:00 PM",parts_4_cells,8,6
FLX-SAM-1333,"Charging Port Flex Cable for Samsung Galaxy S6 G920V ","02/09/18 04:16 PM",8,11,2.88,6.72,5.28,3.99,"08/02/18 03:00 PM",etrade_supply,5.51,5.47
FLX-SAM-1333,"Charging Port Flex Cable for Samsung Galaxy S6 G920V ","02/09/18 04:16 PM",8,11,2.88,6.72,5.28,3.99,"08/02/18 03:00 PM",parts_4_cells,8,6
FLX-SAM-1429,"Rear Camera for Samsung Galaxy S6 ","07/05/18 04:13 PM",6,6,2.5,12.24,15.29,3.99,"08/02/18 03:00 PM",etrade_supply,5.77,5.73
FLX-SAM-1429,"Rear Camera for Samsung Galaxy S6 ","07/05/18 04:13 PM",6,6,2.5,12.24,15.29,3.99,"08/02/18 03:01 PM",parts_4_cells,10,5
FLX-SAM-1338,"Volume Flex Cable for Samsung Galaxy S6","10/03/16 11:02 AM",0,4,1.8,4.6575,4.66,2.29,"08/02/18 03:01 PM",etrade_supply,1.05,1.04
FLX-SAM-1337,"Home Button Flex Cable for Samsung Galaxy S6 - Black","01/08/18 02:58 PM",1,9,2.44,6.48,4.79,2.99,"08/02/18 03:01 PM",etrade_supply,4.87,4.83
FLX-SAM-1394,"Rear Camera Lens for Samsung Galaxy S6 - White","07/05/18 04:13 PM",4,8,0.79,2.99,2.79,0.99,"08/02/18 03:20 PM",etrade_supply,0.67,0.66
FLX-SAM-1394,"Rear Camera Lens for Samsung Galaxy S6 - White","07/05/18 04:13 PM",4,8,0.79,2.99,2.79,0.99,"08/02/18 03:20 PM",parts_4_cells,3,2
FLX-SAM-1443,"Charging Port Flex Cable for Samsung Galaxy S6 G920T","07/05/18 04:13 PM",10,6,3.28,9.99,9.99,5.89,"08/02/18 03:20 PM",etrade_supply,6.36,6.31
FLX-SAM-1443,"Charging Port Flex Cable for Samsung Galaxy S6 G920T","07/05/18 04:13 PM",10,6,3.28,9.99,9.99,5.89,"08/02/18 03:20 PM",parts_4_cells,8,6
FLX-SAM-1340,"Rear Camera Lens for Samsung Galaxy S6 - Black","07/27/18 04:39 PM",6,5,0.68,2.4,2.09,1.99,"08/02/18 03:20 PM",etrade_supply,0.67,0.66
FLX-SAM-1270,"Front Camera Flex Cable for Samsung Galaxy S6","04/24/17 11:45 AM",0,12,2.41,8.512,2.99,2.99,"08/02/18 03:20 PM",etrade_supply,1.75,1.74
FLX-SAM-1288,"Volume Flex Cable for Samsung Galaxy S6",N/A,0,4,2.04,4.99,0,2.59,"08/02/18 03:20 PM",etrade_supply,1.05,1.04
FLX-SAM-1353,"Charging Port Flex Cable for Samsung Galaxy S6 G920A","07/20/18 05:01 PM",3,9,3.49,10.99,6.55,5.49,"08/02/18 03:20 PM",etrade_supply,6.52,6.47
FLX-SAM-1353,"Charging Port Flex Cable for Samsung Galaxy S6 G920A","07/20/18 05:01 PM",3,9,3.49,10.99,6.55,5.49,"08/02/18 03:20 PM",parts_4_cells,8,6
FLX-SAM-1433,"Sim Card Tray for Samsung Galaxy S6 - Gold Platinum","05/04/17 12:56 PM",0,3,0.9,2.42,1.89,0.99,"08/02/18 03:20 PM",etrade_supply,0.86,0.85
FLX-SAM-1433,"Sim Card Tray for Samsung Galaxy S6 - Gold Platinum","05/04/17 12:56 PM",0,3,0.9,2.42,1.89,0.99,"08/02/18 03:20 PM",parts_4_cells,5,2
BTY-COV-1587,"Rear Housing for Samsung Galaxy S6 - Blue","12/01/17 02:07 PM",0,4,7.21,16.99,10.66,9.99,"08/02/18 03:20 PM",etrade_supply,21.62,16.22
BTY-COV-1586,"Rear Housing for Samsung Galaxy S6  - Gold","06/05/17 11:03 AM",0,10,7.81,23.715,21.39,22.99,"08/02/18 03:21 PM",etrade_supply,21.62,16.22
BTY-COV-1663,"Midframe for Samsung Galaxy S6 G920T G920A - White","01/17/17 01:21 PM",0,0,9.24,16.99,13.69,9.99,"08/02/18 03:40 PM",etrade_supply,23,22.83
FLX-SAM-1538,"Earpiece Speaker Assembly for Samsung Galaxy S7/S7 Edge","07/31/18 10:50 AM",0,12,0.71,2.74,2.11,0.99,"08/02/18 03:40 PM",etrade_supply,0.75,0.74
FLX-SAM-1538,"Earpiece Speaker Assembly for Samsung Galaxy S7/S7 Edge","07/31/18 10:50 AM",0,12,0.71,2.74,2.11,0.99,"08/02/18 03:40 PM",parts_4_cells,8,2
FLX-SAM-1524,"Home Button Flex Cable for Samsung Galaxy S7 - Gold","07/05/18 04:13 PM",0,6,4.52,15.99,15.99,5.99,"08/02/18 03:40 PM",etrade_supply,18.78,18.64
FLX-SAM-1442,"Charging Port Flex Cable for Samsung Galaxy S7 G930V","07/27/18 04:39 PM",3,18,3.09,9.92,9.92,4.89,"08/02/18 03:40 PM",etrade_supply,7.3,7.25
FLX-SAM-1442,"Charging Port Flex Cable for Samsung Galaxy S7 G930V","07/27/18 04:39 PM",3,18,3.09,9.92,9.92,4.89,"08/02/18 03:40 PM",parts_4_cells,10,8
FLX-SAM-1523,"Home Button Flex Cable for Samsung Galaxy S7 - Black","07/27/18 04:39 PM",0,10,4.29,15.99,15.99,5.99,"08/02/18 03:40 PM",etrade_supply,18.92,18.78
FLX-SAM-1535,"Front Camera Flex Cable for Samsung Galaxy S7/S7 Edge","06/13/18 01:48 PM",1,4,2.43,9.99,0,2.99,"08/02/18 03:40 PM",etrade_supply,3.5,3.47
FLX-SAM-1535,"Front Camera Flex Cable for Samsung Galaxy S7/S7 Edge","06/13/18 01:48 PM",1,4,2.43,9.99,0,2.99,"08/02/18 03:40 PM",parts_4_cells,7,4
FLX-SAM-1446,"Charging Port Flex Cable for Samsung Galaxy S7 G930F","07/27/18 04:39 PM",7,13,3.09,11.01,11.01,4.89,"08/02/18 03:41 PM",etrade_supply,8.13,8.07
FLX-SAM-1446,"Charging Port Flex Cable for Samsung Galaxy S7 G930F","07/27/18 04:39 PM",7,13,3.09,11.01,11.01,4.89,"08/02/18 03:41 PM",parts_4_cells,10,8
FLX-SAM-1533,"Volume Button Flex Cable for Samsung Galaxy S7","07/05/18 04:13 PM",0,5,0.95,4.55,2.99,2.99,"08/02/18 03:41 PM",parts_4_cells,6,4
FLX-SAM-1531,"Power Button Flex Cable for Samsung Galaxy S7","05/08/18 03:18 PM",0,5,1.06,3.89,2.99,2.99,"08/02/18 03:41 PM",parts_4_cells,5,3
FLX-SAM-1539,"Vibration Motor for Samsung Galaxy S7/S7 Edge","04/03/17 01:21 PM",0,4,0.75,3,2.31,0.99,"08/02/18 04:00 PM",etrade_supply,1.27,1.26
FLX-SAM-1539,"Vibration Motor for Samsung Galaxy S7/S7 Edge","04/03/17 01:21 PM",0,4,0.75,3,2.31,0.99,"08/02/18 04:00 PM",parts_4_cells,4,2
BTY-COV-1693,"Rear Battery Cover for Samsung Galaxy S7 - White","10/30/17 03:35 PM",1,23,3.81,8.99,8.6,4.99,"08/02/18 04:00 PM",parts_4_cells,10,7
BTY-COV-1660,"Rear Battery Cover for Samsung Galaxy S7 - Gold Platinum (Standard)","06/13/18 01:48 PM",10,34,3.08,14.18,11.49,4.99,"08/02/18 04:00 PM",parts_4_cells,10,7
APL-003-1422,"Rear Camera for iPhone 6","07/27/18 04:39 PM",5,25,2.49,7.99,7.99,3.69,"08/02/18 04:40 PM",cell_parts_hub,0,4.99
FLX-HTC-048,"HTC EVO 3D Camera Shooter Button Flex Cable",N/A,0,62,0,10.95,8.99,0.99,"08/02/18 04:40 PM",etrade_supply,1.68,1.67
APL-003-1705,"Front Camera with Proximity Sensor and Microphone for iPhone 7","07/20/18 05:01 PM",65,29,7.75,24.99,11.99,12.09,"08/02/18 05:21 PM",cell_parts_hub,14.99,0
APL-003-1559,"Rear Camera Module for iPad Mini & iPad Mini 2 & iPad Mini 3 & iPad Air","05/31/18 01:10 PM",0,10,2.85,7.29,7.29,3.49,"08/02/18 05:41 PM",cell_parts_hub,9.99,0
APL-003-0246,"iPhone 4 Home Button Flex Cable","04/03/17 01:21 PM",0,44,0.17,1.61,0.99,0.69,"08/02/18 06:40 PM",etrade_supply,1.03,1.01
APL-003-0246,"iPhone 4 Home Button Flex Cable","04/03/17 01:21 PM",0,44,0.17,1.61,0.99,0.69,"08/02/18 06:40 PM",parts_4_cells,2,1
APL-003-0330,"Verizon/Sprint iPhone 4 Charging Port Flex Cable Ribbon - Black","05/02/18 11:28 AM",0,6,2.46,4.12,3.39,3.09,"08/02/18 06:40 PM",etrade_supply,4.94,4.87
APL-003-0390,"iPhone 4S Proximity Light Sensor Power Flex","11/30/16 01:32 PM",2,0,1.41,3.48,2.69,1.49,"08/02/18 06:40 PM",etrade_supply,2.23,2.2
APL-003-0390,"iPhone 4S Proximity Light Sensor Power Flex","11/30/16 01:32 PM",2,0,1.41,3.48,2.69,1.49,"08/02/18 06:40 PM",parts_4_cells,4,3
APL-003-0342,"Verizon/Sprint iPhone 4 Proximity Light Sensor Power Flex","05/16/18 02:40 PM",0,10,1.24,2.976,2.29,1.69,"08/02/18 06:40 PM",etrade_supply,3.76,3.71
APL-003-0444,"iPhone 4S Home Button Flex Cable","05/16/18 02:40 PM",0,8,0.17,0.98,0.59,0.49,"08/02/18 07:00 PM",etrade_supply,0.7,0.69
APL-003-0450,"iPhone 4S Headphone Jack Volume Vibrator Switch Flex - Black","05/16/18 02:40 PM",0,8,1.49,4.485,3.69,1.49,"08/02/18 07:00 PM",etrade_supply,3.01,2.97
APL-003-0450,"iPhone 4S Headphone Jack Volume Vibrator Switch Flex - Black","05/16/18 02:40 PM",0,8,1.49,4.485,3.69,1.49,"08/02/18 07:00 PM",parts_4_cells,4,2
APL-003-0522,"Front Camera with Proximity Sensor Flex Cable for iPhone 5","05/04/18 03:36 PM",7,0,1.52,3.99,2.39,1.99,"08/02/18 07:00 PM",etrade_supply,3.25,3.21
APL-003-0528,"Back Camera for iPhone 5 ","04/25/18 04:13 PM",3,3,4.14,9.99,6.72,5.69,"08/02/18 07:00 PM",etrade_supply,6.36,6.27
APL-003-0564,"Headphone Jack Charging Port Flex Cable for iPhone 5 Black","05/31/18 01:10 PM",14,5,1.5,4.03,3.29,2.49,"08/02/18 07:00 PM",etrade_supply,3.72,3.67
APL-003-0588,"Headphone Jack Charging Port Flex Cable for iPhone 5 White","12/20/17 04:32 PM",5,0,1.59,4.6,3.7,2.29,"08/02/18 07:00 PM",etrade_supply,3.72,3.67
APL-003-0618,"Power Volume Flex Cable for iPhone 5","04/25/18 04:13 PM",4,0,1.42,3.46,2.69,1.99,"08/02/18 07:00 PM",etrade_supply,3.74,3.69
APL-003-0702,"Home Button for iPod Touch 4 Flex","09/26/17 10:48 AM",0,0,0.51,1.55,1.39,0.49,"08/02/18 07:20 PM",etrade_supply,1.48,1.46
APL-003-0708,"Loud Speaker Buzzer Flex for iPod Touch 4","06/12/17 01:03 PM",0,10,0.73,2.95,0.99,0.49,"08/02/18 07:20 PM",etrade_supply,1.87,1.85
APL-003-0714,"Power Volume Flex Cable for iPod Touch 4","10/04/17 02:24 PM",0,0,0.98,2.08,1.79,1.29,"08/02/18 07:20 PM",etrade_supply,2,1.97
APL-003-0786,"Bluetooth Signal Antenna Flex Cable for iPad 1","12/22/15 02:09 PM",0,2,1.88,4.32,3.49,3.99,"08/02/18 07:20 PM",etrade_supply,4.25,4.19
APL-003-0834,"Audio Headphone Jack Flex Cable GSM Version for iPad 2","01/31/18 09:42 AM",0,13,1.64,4.117,3.39,1.49,"08/02/18 07:20 PM",etrade_supply,2.99,2.95
APL-003-0840,"Audio Headphone Jack Flex Cable WIFI / CDMA Version for iPad 2 821-1378-A","06/29/18 04:06 PM",3,6,1.24,4.09,3.29,1.79,"08/02/18 07:20 PM",etrade_supply,2.24,2.21
APL-003-0858,"Charging Port Dock Flex Cable for iPad 2","07/31/18 10:50 AM",3,9,1.58,3.611,2.99,2.49,"08/02/18 07:20 PM",etrade_supply,3.57,3.52
APL-003-0864,"LCD Screen Connector Flex Cable for iPad 2","07/20/18 05:01 PM",3,2,3.19,8.99,8.99,4.79,"08/02/18 07:20 PM",etrade_supply,5.52,5.45
APL-003-0876,"Volume Vibrator Switch Power Button Flex Cable CDMA Version for iPad 2 (EMC 2560)","07/31/18 10:50 AM",7,12,1.34,3.072,2.39,1.69,"08/02/18 07:20 PM",etrade_supply,3.72,3.67
APL-003-0882,"Volume Vibrator Switch Power Button Flex Cable for iPad 2 - GSM / WIFI Version (2011)","07/27/18 04:39 PM",25,75,0.98,4.66,2.09,2.09,"08/02/18 07:21 PM",etrade_supply,3.01,2.97
APL-003-0954,"Wifi & Bluetooth Flex Cable for iPad 3/4","07/31/18 10:50 AM",0,4,1.51,3.24,2.5,1.89,"08/02/18 07:40 PM",etrade_supply,3.41,3.36
APL-003-0960,"Charging Port Flex Cable for iPad 3","07/31/18 10:50 AM",1,9,1.97,6.89,6.89,3.09,"08/02/18 07:40 PM",etrade_supply,3.91,3.86
APL-003-0966,"GPS Antenna Flex Cable for iPad 3",N/A,0,3,0,3.95,1.69,1.49,"08/02/18 07:40 PM",etrade_supply,2.13,2.1
APL-003-0978,"Power On Off Volume Flex Cable for iPad 3","01/05/18 04:46 PM",0,3,1.34,4.117,3.39,1.69,"08/02/18 07:40 PM",etrade_supply,3.29,3.25
APL-003-0990,"Headphone Audio Jack Flex Cable for iPad Mini White","07/27/18 04:39 PM",8,15,0.98,4.21,3.39,1.89,"08/02/18 07:40 PM",etrade_supply,2.63,2.59
APL-003-1002,"Charging Port Flex Cable Assembly for iPad Mini White","07/27/18 04:39 PM",7,3,1.43,4.52,3.32,2.49,"08/02/18 07:40 PM",etrade_supply,2.98,2.94
APL-003-1020,"Microphone Flex Cable for iPad Mini","07/20/18 05:01 PM",0,10,1.37,4.99,4.99,2.29,"08/02/18 07:40 PM",etrade_supply,1.85,1.83
APL-002-0823,"Charging Port Flex Cable for iPad 1","03/27/17 12:21 PM",0,0,12.55,19.92,17.99,4.99,"08/02/18 07:40 PM",etrade_supply,14.66,14.46
FLX-HTC-246,"HTC MyTouch 4G Slide PCB Slide Ribbon Flex Cable",N/A,0,4,0,12.95,10.09,0.99,"08/02/18 07:40 PM",etrade_supply,18.54,18.29
APL-003-1330,"Home Button with Flex Cable for iPhone 5S - Silver","05/22/18 12:38 PM",16,1,1.11,2.79,2.79,1.49,"08/02/18 07:40 PM",etrade_supply,3.01,2.97
FLX-HTC-276,"HTC One X Navigation Mic Microphone Keypad Button Flex Cable","07/21/15 10:08 AM",0,1,3.87,8.127,6.39,0.99,"08/02/18 08:00 PM",etrade_supply,4.46,4.4
FLX-HTC-288,"HTC One X Side Volume Button Connector Flex Cable",N/A,0,125,0,5.95,3.89,0.99,"08/02/18 08:00 PM",etrade_supply,0,2.95
FLX-HTC-324,"HTC Rhyme Main Phone Flex Cable",N/A,0,9,0,7.95,5.19,0.99,"08/02/18 08:01 PM",etrade_supply,15.86,0
FLX-HTC-360,"HTC Sensation XL Camera Volume Headphone Jack Flex Cable",N/A,0,9,0,29.95,27.49,0.99,"08/02/18 08:01 PM",etrade_supply,7.97,7.86
FLX-HTC-396,"HTC Vivid Headphone Jack, Mic, Power & Volume Button Flex Cable",N/A,0,0,0,21.95,19.89,17.89,"08/02/18 08:01 PM",etrade_supply,18.54,18.29
FLX-HTC-402,"HTC Vivid Battery Charger Connector Flex Cable",N/A,0,0,0,5.95,3.89,2.89,"08/02/18 08:01 PM",etrade_supply,2.99,2.95
FLX-HTC-408,"HTC Wildfire Keypad Flash Light Ribbon Flex Cable",N/A,0,9,0,3.95,1.99,0.99,"08/02/18 08:01 PM",etrade_supply,2.99,2.95
FLX-HTC-414,"HTC Wildfire S On/Off Power Button Ribbon Flex Cable",N/A,0,28,0,5.95,3.39,0.99,"08/02/18 08:01 PM",etrade_supply,2.36,2.33
FLX-HTC-420,"HTC Wildfire S Volume Key Button Ribbon Flex Cable",N/A,0,20,0,4.95,2.19,0.99,"08/02/18 08:01 PM",etrade_supply,2.71,2.67
FLX-SAM-048,"Charging Port Flex Cable for Samsung Galaxy Nexus i9250 ","03/14/16 12:42 PM",0,1,2.25,5.06,3.79,0.99,"08/02/18 08:01 PM",etrade_supply,3.91,3.86
FLX-SAM-072,"Power Button Flex Cable for Samsung Galaxy Nexus","10/16/15 11:36 AM",0,4,0.57,1.425,1.29,0.99,"08/02/18 08:01 PM",etrade_supply,1.75,1.73
FLX-SAM-462,"Keypad Home Button Flex Cable for Samsung Galaxy Note 2 ","12/30/16 02:29 PM",0,5,1.78,4.324,3.49,0.99,"08/02/18 08:01 PM",etrade_supply,3.52,3.47
FLX-SAM-090,"Power Button Flex Cable for Samsung Galaxy Note 2","07/20/18 05:01 PM",0,5,0.76,2.175,1.89,0.99,"08/02/18 08:01 PM",etrade_supply,1.04,1.02
FLX-SAM-090,"Power Button Flex Cable for Samsung Galaxy Note 2","07/20/18 05:01 PM",0,5,0.76,2.175,1.89,0.99,"08/02/18 08:02 PM",parts_4_cells,2,0
FLX-SAM-102,"Front Camera Flex Cable for Samsung Galaxy Note ",N/A,0,3,0,5.95,3.89,0.99,"08/02/18 08:02 PM",etrade_supply,4.94,4.87
FLX-SAM-108,"Microphone Charging Port Flex Cable for Samsung Galaxy Note T879 i717  ","10/03/16 11:02 AM",0,6,3.34,6.972,5.49,0.99,"08/02/18 08:02 PM",etrade_supply,5.22,5.15
FLX-SAM-108,"Microphone Charging Port Flex Cable for Samsung Galaxy Note T879 i717  ","10/03/16 11:02 AM",0,6,3.34,6.972,5.49,0.99,"08/02/18 08:03 PM",parts_4_cells,9,0
FLX-SAM-114,"Keypad Button Ribbon Flex Cable for Samsung Galaxy Note","07/28/15 02:50 PM",0,7,1.88,4.324,3.49,0.99,"08/02/18 08:03 PM",etrade_supply,3.25,3.21
FLX-SAM-120,"Earpiece Earphone Flex Cable for Samsung Galaxy Note N7000 i9220 ",N/A,0,10,0,4.95,2.19,0.99,"08/02/18 08:20 PM",etrade_supply,1.06,1.04
FLX-SAM-174,"Sim Card Memory Card Flex Cable for Samsung Galaxy S",N/A,0,21,0,4.95,2.69,0.99,"08/02/18 08:20 PM",etrade_supply,1.68,1.66
FLX-SAM-228,"Keypad Button Light Flex Cable for Samsung Galaxy S2","01/18/16 10:44 AM",0,1,2.57,5.895,4.39,0.99,"08/02/18 08:20 PM",etrade_supply,3.49,3.44
FLX-SAM-234,"Wifi Antenna Flex Cable for Samsung Galaxy S3","08/11/17 03:26 PM",0,531,0,3.95,1.19,0.99,"08/02/18 08:20 PM",parts_4_cells,3,2
FLX-SAM-240,"Back Camera Flex Cable for Samsung Galaxy S3","02/16/17 04:55 PM",0,17,2.62,5.895,4.39,0.99,"08/02/18 08:20 PM",etrade_supply,1.66,1.64
FLX-SAM-246,"Loudspeaker Flex Cable for Samsung Galaxy S3 - White","02/16/17 04:55 PM",0,2,1.75,4.232,3.49,0.99,"08/02/18 08:20 PM",etrade_supply,1.75,1.73
FLX-SAM-252,"Front Camera Flex Cable for Samsung Galaxy S3","02/16/17 04:55 PM",0,12,1.69,3.887,3.19,0.99,"08/02/18 08:20 PM",etrade_supply,1.75,1.73
FLX-SAM-252,"Front Camera Flex Cable for Samsung Galaxy S3","02/16/17 04:55 PM",0,12,1.69,3.887,3.19,0.99,"08/02/18 08:20 PM",parts_4_cells,7,3
FLX-SAM-258,"Home Button Flex Cable for Samsung Galaxy S3","02/16/17 04:55 PM",0,297,0,2.95,0.99,0.99,"08/02/18 08:20 PM",etrade_supply,1.19,1.17
FLX-SAM-258,"Home Button Flex Cable for Samsung Galaxy S3","02/16/17 04:55 PM",0,297,0,2.95,0.99,0.99,"08/02/18 08:20 PM",parts_4_cells,3,2.5
FLX-SAM-264,"Keypad Flex Cable for Samsung Galaxy S3",N/A,0,47,0,3.95,1.69,0.99,"08/02/18 08:20 PM",etrade_supply,0.75,0.74
FLX-SAM-264,"Keypad Flex Cable for Samsung Galaxy S3",N/A,0,47,0,3.95,1.69,0.99,"08/02/18 08:20 PM",parts_4_cells,4,3
FLX-SAM-276,"Vibrator Flex Cable for Samsung Galaxy S3","09/29/17 12:50 PM",0,595,0,3.95,1.69,0.99,"08/02/18 08:20 PM",etrade_supply,0.84,0.83
FLX-SAM-276,"Vibrator Flex Cable for Samsung Galaxy S3","09/29/17 12:50 PM",0,595,0,3.95,1.69,0.99,"08/02/18 08:20 PM",parts_4_cells,5,2
FLX-SAM-282,"Sim Memory Card Flex Cable for Samsung Galaxy S3 i9300 T999 i747 ","11/19/15 12:09 PM",0,2,1.63,3.519,2.89,0.99,"08/02/18 08:20 PM",etrade_supply,2.11,2.08
FLX-SAM-288,"Charging Port Flex Cable for Samsung Galaxy Tab 10.1","01/17/17 02:58 PM",2,0,2.51,5.895,4.39,0.99,"08/02/18 08:40 PM",etrade_supply,4.89,4.82
APL-003-1032,"Long GPS Antenna Flex Cable for iPad 3 3G","01/18/17 11:54 AM",0,8,1.61,3.48,2.69,1.99,"08/02/18 08:40 PM",etrade_supply,2.13,2.1
APL-003-1044,"Microphone Flex Cable for iPad 2 (Revision EMC 2560)",N/A,0,38,0,5.95,2.99,1.99,"08/02/18 08:40 PM",etrade_supply,2.63,2.59
APL-003-1050,"Back Camera Flex Cable for iPad 3","04/03/17 01:21 PM",2,4,3.66,3.98,3.29,3.99,"08/02/18 08:40 PM",etrade_supply,5.79,5.72
APL-003-1056,"Sim Card Flex Cable for iPad 3",N/A,0,9,0,6.95,2.59,1.99,"08/02/18 08:40 PM",etrade_supply,2.11,2.08
APL-003-1122,"Front Camera Flex Cable for iPad 4","10/17/16 12:33 PM",0,6,1.43,3.43,2.69,2.49,"08/02/18 08:40 PM",etrade_supply,3.01,2.97
APL-003-1128,"Charging Port Flex Cable for iPad 4","07/20/18 05:01 PM",4,0,1.97,4.89,4.89,2.59,"08/02/18 08:40 PM",etrade_supply,3.96,3.91
APL-003-1134,"Microphone Flex Cable for iPad 4","07/27/18 04:39 PM",13,0,1.28,4.14,3.39,1.79,"08/02/18 08:40 PM",etrade_supply,1.85,1.83
APL-003-1140,"Power Volume Vibrator Switch Flex Cable for iPad 4","07/27/18 04:39 PM",3,10,1.43,5.31,3.89,2.49,"08/02/18 08:40 PM",etrade_supply,3.29,3.25
FLX-SAM-426,"Galaxy S3 i747 T999 Sim Card SD Memory Card Flex Cable","10/17/16 12:33 PM",0,1,1.73,4.048,3.29,0.99,"08/02/18 08:40 PM",etrade_supply,2.11,2.08
FLX-SAM-456,"Charging Port Flex Cable for Samsung Galaxy Note 2 N7100 ","02/02/16 04:02 PM",0,3,2.52,5.625,4.19,0.99,"08/02/18 08:40 PM",etrade_supply,3.26,3.22
FLX-SAM-564,"Samsung Galaxy Tab 2 10.1\\","09/08/17 12:45 PM",0,1,1.67,4.09,3.29,0.99,"08/02/18 08:40 PM",etrade_supply,1.75,1.73
FLX-SAM-570," Power Button Flex Cable for Samsung Galaxy Tab 2 10.1","11/19/15 12:09 PM",0,1,1.16,2.472,1.99,0.99,"08/02/18 08:40 PM",etrade_supply,1.75,1.73
FLX-SAM-594,"Sim Card Memory SD Card Flex Cable for Samsung Galaxy Note","03/07/16 04:22 PM",0,6,3.12,6.55,5.19,0.99,"08/02/18 08:40 PM",etrade_supply,7.06,6.97
FLX-SAM-600,"Headphone Jack Earpiece Flex Cable for Samsung Galaxy Note 2","09/08/17 12:45 PM",0,2,0.91,3.58,2.79,0.99,"08/02/18 08:40 PM",etrade_supply,1.74,1.72
FLX-SAM-606,"Audio Headphone Jack Flex Cable for Samsung Galaxy Note","07/28/15 02:50 PM",0,5,1.55,3.565,2.89,0.99,"08/02/18 08:41 PM",etrade_supply,1.06,1.04
FLX-SAM-643,"Headphone Jack Earpiece Flex Cable for Samsung Galaxy S ",N/A,0,5,0,5.95,3.19,0.99,"08/02/18 09:00 PM",etrade_supply,2.85,2.81
FLX-SAM-651,"Charging Port Flex Cable for Samsung Galaxy Tab 2  10.1 P5113 P5100 ","01/17/17 02:58 PM",0,1,2.51,5.625,4.19,0.99,"08/02/18 09:00 PM",etrade_supply,1.75,1.73
APL-003-1592,"Earpiece Speaker for iPhone 6S Plus","07/27/18 04:39 PM",21,11,0.53,2.35,2.35,0.79,"08/02/18 09:00 PM",etrade_supply,0.76,0.75
BT-BP-30196,"BinTEK Battery for iPhone 6S Plus 2750mAH Li-Po Premium ","08/01/18 03:03 PM",235,151,5.83,19.99,9.99,9.99,"08/02/18 09:00 PM",etrade_supply,15.35,15.14
APL-003-1607,"Home Button Assembly for iPhone 6S & 6S Plus  Gold","07/27/18 04:39 PM",8,14,0.98,2.5,2.5,1.29,"08/02/18 09:00 PM",etrade_supply,3.9,3.85
APL-003-1734,"Front Camera Proximity Sensor Flex Cable for iPhone 7 Plus","07/20/18 05:01 PM",84,53,8.05,29.99,29.99,17.09,"08/02/18 09:00 PM",etrade_supply,24.48,24.15
APL-003-1708,"Loudspeaker for iPhone 7 Plus","07/27/18 04:39 PM",4,7,2.64,15.99,4.29,5.09,"08/02/18 09:01 PM",etrade_supply,5.91,5.83
FLX-SAM-826,"Vibrator Motor & Power Key Button Flex Cable for Samsung Galaxy Note 2 ",N/A,1,189,0,7.95,5.99,0.99,"08/02/18 09:20 PM",etrade_supply,1.37,1.35
FLX-SAM-860,"Home Button Flex Cable Keypad for Samsung Galaxy S4 (CDMA)","02/23/18 04:55 PM",0,43,1.59,3.66,2.99,2.49,"08/02/18 09:20 PM",etrade_supply,2.83,2.79
FLX-SAM-862,"Charging Port Flex Cable for Samsung Galaxy Note 2 i605 ","05/04/18 03:36 PM",0,0,1.65,5.99,4.39,0.99,"08/02/18 09:20 PM",etrade_supply,4.89,4.82
FLX-SAM-888,"Front Camera With Proximity Sensor Flex Cable for Samsung Galaxy Note 3","03/16/17 12:04 PM",0,3,2,4.97,3.65,1.99,"08/02/18 09:20 PM",etrade_supply,1.75,1.73
FLX-SAM-890,"Samsung Galaxy Note 10.1 Tablet N8000 Charging Port Flex Cable REV 0.5",N/A,0,0,0,12.95,10.99,0.99,"08/02/18 09:20 PM",etrade_supply,4.93,4.86
FLX-SAM-892,"Sim Card Memory SD Card Flex Cable for Samsung Galaxy S4 REV 0.3","03/21/18 03:19 PM",0,2,1.26,3.979,3.29,1.99,"08/02/18 09:20 PM",etrade_supply,2.56,2.52
FLX-SAM-964,"Antenna Signal Cable Flex for Samsung Galaxy Note 3","08/26/15 04:44 PM",0,4,1.74,4.002,3.29,1.39,"08/02/18 09:20 PM",etrade_supply,0.85,0.83
APL-003-1382,"Headphone Jack Home Button Charging Port Flex for iPod Touch 5 Black","01/31/18 09:42 AM",0,3,1.64,3.933,3.19,1.79,"08/02/18 09:20 PM",etrade_supply,3.74,3.69
APL-003-1384,"Headphone Jack Home Button Charging Port Flex for iPod Touch 5 White","01/31/18 09:42 AM",0,4,1.64,4.347,3.59,1.79,"08/02/18 09:20 PM",etrade_supply,3.74,3.69
APL-003-1394,"Home Button Flex for iPad Air","07/27/18 04:39 PM",0,12,1.28,5.0625,3.79,1.99,"08/02/18 09:20 PM",etrade_supply,4.57,4.51
APL-003-1396,"Microphone Flex for iPad Air","02/12/18 01:25 PM",0,8,1.53,5.95,0,1.99,"08/02/18 09:20 PM",etrade_supply,2.63,2.59
FLX-SAM-966,"Back Camera Flex Cable for Samsung Galaxy S5","05/16/18 02:40 PM",0,3,2.09,6.99,5.49,3.19,"08/02/18 09:20 PM",etrade_supply,3.25,3.21
FLX-SAM-968,"Front Camera Flex Cable for Samsung Galaxy S5","05/16/18 02:40 PM",0,7,1.12,3.504,2.79,1.99,"08/02/18 09:20 PM",etrade_supply,3.25,3.21
FLX-SAM-974,"Headphone Jack Flex for Samsung Galaxy S5","07/10/17 02:52 PM",0,5,0.97,2.904,2.29,0.69,"08/02/18 09:20 PM",etrade_supply,0.71,0.7
FLX-SAM-976,"Power Button Flex for Samsung Galaxy S5",N/A,0,33,0,5.95,0,0.99,"08/02/18 09:20 PM",etrade_supply,0,0.72
FLX-SAM-978,"Vibrator Motor Flex for Samsung Galaxy S5","03/16/17 12:04 PM",0,3,0.83,2.4,2.09,0.99,"08/02/18 09:20 PM",etrade_supply,0.86,0.84
FLX-SAM-980,"Volume Button Flex for Samsung Galaxy S5",N/A,0,12,0,5.95,0,0.69,"08/02/18 09:20 PM",etrade_supply,0.71,0.7
FLX-SAM-982,"Home Button Flex Cable for Samsung Galaxy S5 - Black","02/09/18 04:16 PM",0,3,1.6,4.49,3.69,1.89,"08/02/18 09:20 PM",etrade_supply,3.26,3.22
FLX-SAM-984,"Samsung Galaxy S5 i9600 G900A G900T G900V G900P Home Button Flex White","02/09/18 04:16 PM",0,5,1.6,4.49,3.69,1.89,"08/02/18 09:20 PM",etrade_supply,3.26,3.22
FLX-SAM-988,"Home Button Charging Port Flex for Samsung Galaxy S5 SM G900A ATT ","07/31/18 10:50 AM",9,4,2.79,7.64,7.64,4.09,"08/02/18 09:21 PM",etrade_supply,5.8,0
FLX-SAM-990,"Home Button Charging Port Flex for Samsung Galaxy S5 SM G900P Sprint","07/27/18 04:39 PM",8,6,2.79,9.23,7.79,3.99,"08/02/18 09:40 PM",etrade_supply,6.51,6.42
FLX-SAM-992,"Home Button Charging Port Flex Cable for Samsung Galaxy S5 SM G900T T Mobile ","05/31/18 10:42 AM",10,20,3.39,8.34,6.55,3.99,"08/02/18 09:40 PM",etrade_supply,6.46,6.37
FLX-SAM-996,"Back Camera Flex for Samsung Galaxy S4 Mini","07/20/15 03:01 PM",0,6,5.41,9.738,8.39,0.99,"08/02/18 09:40 PM",etrade_supply,5.84,5.77
FLX-SAM-998,"Charging Port Flex Cable for Samsung Galaxy S4 Mini i9190 i9195 ","06/20/17 03:58 PM",0,0,1.65,4.5675,3.39,0.99,"08/02/18 09:40 PM",etrade_supply,3.9,3.85
FLX-SAM-1012,"SD Sim Card Flex for Samsung Galaxy S4 Mini",N/A,0,4,0,13.95,0,0.99,"08/02/18 09:40 PM",etrade_supply,1.98,1.96
FLX-SAM-1014,"Back Camera Flex for Samsung Galaxy S3 Mini",N/A,0,3,0,6.95,0,0.99,"08/02/18 09:40 PM",etrade_supply,4.94,4.87
FLX-SAM-1018,"Home Button Flex for Samsung Galaxy S3 Mini",N/A,0,1,0,6.95,0,0.99,"08/02/18 09:40 PM",etrade_supply,3.92,3.87
FLX-SAM-1022,"Charging Port Flex Cable for Samsung Galaxy Note 3 N9000 International With 3G ","01/18/16 10:44 AM",1,3,4.11,8.398,7.09,0.99,"08/02/18 09:40 PM",etrade_supply,6.61,6.52
FLX-SAM-868,"Front Camera Flex for Samsung Galaxy Tab 2 7.0",N/A,0,3,0,6.95,0,0.99,"08/02/18 09:40 PM",etrade_supply,1.75,1.73
FLX-SAM-870,"Back Camera Flex for Samsung Galaxy Tab 2 7.0",N/A,0,4,0,14.95,0,0.99,"08/02/18 09:40 PM",etrade_supply,3.29,3.25
APL-003-1412,"Proximity Light Sensor Power Button Mic Flex for ATT iPhone 4","05/16/18 02:40 PM",0,676,0,4.95,0,1.89,"08/02/18 09:40 PM",etrade_supply,2.63,2.59
FLX-SAM-1028,"Charging Port Flex for Samsung Galaxy Tab 3 10.1 3G","05/15/17 01:29 PM",0,0,2.35,5.3325,3.99,2.49,"08/02/18 09:40 PM",etrade_supply,4.94,4.87
FLX-SAM-1032,"LCD Touch Screen Tester Flex Cable for Samsung Galaxy S5 ","05/16/18 02:40 PM",0,19,1.74,4.995,3.69,1.99,"08/02/18 09:40 PM",etrade_supply,3.03,2.99
APL-003-1430,"Charging Port and Headphone Jack Flex Cable for iPhone 6 White","07/27/18 04:39 PM",14,10,2.79,8.99,5.21,4.29,"08/02/18 09:40 PM",etrade_supply,5.8,5.83
APL-003-1434,"Volume Button Flex Cable for iPhone 6","06/13/18 01:48 PM",5,4,1.67,3.55,2.79,2.09,"08/02/18 09:40 PM",etrade_supply,3.25,3.21
APL-003-1436,"Power Button Flex Cable for iPhone 6","06/13/18 01:48 PM",2,11,1.67,6.73,6.73,1.99,"08/02/18 09:40 PM",etrade_supply,3.25,3.21
APL-003-1446,"Charging Dock Port & Headphone Jack Flex Cable for iPhone 6 Plus White","07/27/18 04:39 PM",6,24,2.94,8.99,8.99,4.69,"08/02/18 09:40 PM",etrade_supply,7.22,7.13
FLX-SAM-1038,"LCD Screen to Mainboard Flex Ribbon Cable for Samsung Galaxy Note 8.0","01/17/17 02:58 PM",0,4,1.78,4.09,3.29,2.79,"08/02/18 09:40 PM",etrade_supply,2.89,2.85
FLX-SAM-1042,"Charging Port Flex Cable for Samsung Galaxy Note 4 N910P Rev 0.8","10/19/16 09:33 AM",0,4,4.38,9.22,7.79,4.99,"08/02/18 09:40 PM",etrade_supply,5.79,5.72
FLX-SAM-1048,"SIM Memory Card Flex Cable for Samsung Galaxy S4 i337 Rev 0.4 USB ","03/30/18 03:38 PM",0,2,0.88,3.43,2.69,1.29,"08/02/18 09:40 PM",etrade_supply,2.44,2.41
FLX-SAM-1050,"SIM Card Flex Cable for Samsung Galaxy Tab 10.1 P7500 Rev 2.0 ",N/A,0,2,0,5.95,0,3.59,"08/02/18 10:00 PM",etrade_supply,3.75,3.7
FLX-SAM-1057,"Charger Charging Connector Port Flex Cable For Samsung Galaxy Tab 3 10.1 P5200 Rev 1.0",N/A,0,3,2.11,4.7475,3.49,2.49,"08/02/18 10:00 PM",etrade_supply,4.94,4.87
FLX-SAM-1058,"Charging Port with Flex Cable for Samsung Galaxy Note PRO 12.2 P900 REV 0.1",N/A,0,5,3.42,7.182,5.69,3.99,"08/02/18 10:00 PM",etrade_supply,3.92,3.87
FLX-SAM-1251,"LCD Flex Cable for Samsung Galaxy Note PRO 12.2 P900 REV 0.7","02/03/15 03:05 PM",0,3,2.92,6.57,4.89,0.99,"08/02/18 10:00 PM",etrade_supply,2.83,2.79
FLX-SAM-1060,"Charging Port Flex Cable for Samsung Galaxy S5 Mini G800F REV 0.6","02/03/15 03:05 PM",0,5,5.05,9.09,7.89,0.99,"08/02/18 10:00 PM",etrade_supply,3.51,3.46
FLX-SAM-1259,"Samsung Galaxy Note 10.1 Tablet N8000 Power Volume Flex Cable REV 3.0",N/A,0,3,0,5.95,0,0.99,"08/02/18 10:00 PM",etrade_supply,1.05,1.03
APL-003-1472,"iPhone 3G 3GS Home Button Flex Cable",N/A,0,54,0,1.95,0.59,0.39,"08/02/18 10:00 PM",etrade_supply,1.85,1.83
FLX-SAM-1268,"Charging Port Flex Cable for Samsung Galaxy Note 2 N7105 Rev 0.7","08/18/15 01:45 PM",0,1,3.34,7.014,5.59,3.49,"08/02/18 10:00 PM",etrade_supply,4.89,4.82
APL-003-1494,"Power Switch Volume Flex Cable for iPad Air iPad Mini","04/17/18 02:12 PM",1,5,1.51,3,2.39,1.89,"08/02/18 10:00 PM",etrade_supply,3.02,2.98
APL-003-1496,"Home Button With Flex Cable for iPad Air 2 - White / Silver","07/27/18 04:39 PM",1,10,2.34,10.44,8.99,2.99,"08/02/18 10:00 PM",etrade_supply,4.94,4.87
APL-003-1498,"Home Button With Flex Cable for iPad Air 2 - White / Gold","07/27/18 04:39 PM",2,12,2.34,5.0625,3.71,3.49,"08/02/18 10:00 PM",etrade_supply,4.94,4.87
APL-003-1500,"Charging Port with Flex Cable for iPad Air 2 - White","07/27/18 04:39 PM",2,11,1.58,7.29,5.73,2.49,"08/02/18 10:00 PM",etrade_supply,3.92,3.87
APL-003-1501,"Volume Flex Cable for iPad Air 2","01/23/17 12:49 PM",1,6,1.72,3.96,3.18,1.49,"08/02/18 10:00 PM",etrade_supply,2.61,2.57
APL-003-1502,"Charging Port with Flex Cable Earphone Jack and Mic for iPhone 6 Plus - Gray","07/20/18 05:01 PM",14,13,3.04,8.99,8.99,4.49,"08/02/18 10:00 PM",etrade_supply,7.22,7.13
APL-003-1504,"Back Flex Cable for iPhone 6 Plus","03/21/18 03:19 PM",4,6,1.1,4.68,4.68,1.39,"08/02/18 10:00 PM",etrade_supply,3.9,3.85
APL-003-1505,"Rear Camera with Flex Cable for iPhone 6 Plus","07/27/18 04:39 PM",19,34,7.6,18.99,18.99,12.49,"08/02/18 10:01 PM",etrade_supply,11.63,11.47
APL-003-1507,"Charging Port with Flex Cable Earphone Jack and Mic for iPhone 6 Plus - Dark Gray","07/27/18 04:39 PM",17,8,2.94,8.99,8.99,4.09,"08/02/18 10:01 PM",etrade_supply,7.22,7.13
APL-003-1509,"Earphone Jack With Flex Cable for iPad Air 2 - White","07/27/18 04:39 PM",0,5,1.58,5.65,4.14,2.19,"08/02/18 10:01 PM",etrade_supply,4.42,4.36
APL-003-1512,"Charging Port with Flex Cable for iPad Air 2 - Black","07/27/18 04:39 PM",2,11,1.89,7.29,7.29,2.59,"08/02/18 10:01 PM",etrade_supply,3.92,3.87
APL-003-1513,"Power Flex Cable for iPhone 6 Plus","05/31/18 01:10 PM",5,9,1.66,3.49,3.49,2.99,"08/02/18 10:01 PM",etrade_supply,3.74,3.69
APL-003-1517,"Front Camera with Proximity Sensor Microphone Module Flex Cable for iPhone 6 Plus","07/27/18 04:39 PM",46,40,2.64,6.66,5.29,3.89,"08/02/18 10:20 PM",etrade_supply,7.22,7.13
APL-003-1524,"Audio Flex Cable for iPod Nano 6 - White","04/09/15 04:09 PM",0,0,0,1.95,1.99,1.79,"08/02/18 10:20 PM",etrade_supply,2.25,2.22
APL-003-1527,"Home Button Flex Cable for iPhone 6","07/05/18 04:13 PM",22,0,1.1,3.38,3.38,1.99,"08/02/18 10:20 PM",etrade_supply,1.86,1.84
APL-003-1529,"Charging Port and Headphone Jack Flex Cable for iPhone 6 Space Gray","07/20/18 05:01 PM",12,36,2.89,8.99,4.19,4.29,"08/02/18 10:20 PM",etrade_supply,5.8,5.83
APL-003-1532,"Front Camera with Proximity Sensor Flex Cable for iPhone 6","07/27/18 04:39 PM",96,84,2.49,6.39,6.39,3.39,"08/02/18 10:20 PM",etrade_supply,5.84,5.77
APL-003-1545,"LCD and Touch Screen Tester Flex Cable for iPhone 6  ","05/31/18 01:10 PM",1,6,2.29,6.48,4.79,3.49,"08/02/18 10:20 PM",etrade_supply,3.6,3.55
APL-003-1546,"LCD and Touch Screen Tester Flex Cable for iPhone 6 Plus ","04/06/18 11:20 AM",1,5,2.38,6.7,5.29,2.79,"08/02/18 10:20 PM",etrade_supply,3.29,3.25
FLX-SAM-1269,"Charging Port Flex Cable for Samsung Galaxy S6 G920F Rev 0.6A","08/24/17 02:40 PM",0,9,3.28,7.83,6.59,4.99,"08/02/18 10:20 PM",etrade_supply,6.5,6.41
FLX-SAM-1291,"Charging Port Flex Cable for Samsung Galaxy S6 G920F Rev 0.6","09/15/17 03:06 PM",0,7,3.38,8.34,8.34,4.39,"08/02/18 10:20 PM",etrade_supply,6.5,6.41
FLX-SAM-1300,"Front Camera Flex Cable for Samsung Galaxy Note 4","12/20/17 04:32 PM",0,6,1.75,4.95,0,2.69,"08/02/18 10:20 PM",etrade_supply,2.82,2.78
FLX-SAM-1304,"SIM SD Card Flex Cable for Samsung Galaxy Note 4 N910F",N/A,0,3,2.37,5.95,0,2.99,"08/02/18 10:20 PM",etrade_supply,3.15,3.11
FLX-SAM-1306,"Stylus S Pen Sensor Flex Cable for Samsung Galaxy Note 4","05/10/18 04:59 PM",0,16,3.2,7.875,6.19,3.49,"08/02/18 10:20 PM",etrade_supply,7.48,7.38
FLX-SAM-1307,"Charging Port Flex Cable for Samsung Galaxy S5 Mini G800F Rev .6","07/20/15 03:01 PM",0,3,3.78,6.95,0,0.99,"08/02/18 10:20 PM",etrade_supply,3.51,3.46
FLX-SAM-1308,"SIM SD Card Flex Cable for Samsung Galaxy S5 Mini G800F ",N/A,0,4,2.85,5.95,0,0.99,"08/02/18 10:20 PM",etrade_supply,2.98,2.94
FLX-SAM-1314,"Sensor Home Flex Cable for Samsung Galaxy Note Edge","12/14/15 02:09 PM",0,1,2.72,6.39,4.69,3.39,"08/02/18 10:20 PM",etrade_supply,3.54,3.49
FLX-SAM-1316,"Home Button with Touch Sensor Flex Cable for Samsung Galaxy Note 4 - Black","06/13/18 01:48 PM",0,5,2.61,6.99,6.99,3.29,"08/02/18 10:20 PM",etrade_supply,4.94,4.87
FLX-SAM-1318,"Volume Flex Cable for Samsung Galaxy Note 4","10/19/16 09:33 AM",0,11,1.8,4.6575,3.49,1.49,"08/02/18 10:20 PM",etrade_supply,1.04,1.02
FLX-SAM-1319,"Charging Port Flex Cable for Samsung Galaxy Note 4 N910F International","01/08/18 02:58 PM",0,2,3.51,9.22,7.79,5.49,"08/02/18 10:20 PM",etrade_supply,6.5,6.41
FLX-SAM-1323,"Charging Port Flex Cable for Samsung Galaxy Note Edge N915V ","02/09/18 04:16 PM",0,4,2.4,2.45,1.89,1.79,"08/02/18 10:20 PM",etrade_supply,6.53,6.44
FLX-SAM-1329,"Keypad Sensor Flex Cable for Samsung Galaxy Note Edge N915 ",N/A,0,2,2.88,6.48,4.79,3.39,"08/02/18 10:20 PM",etrade_supply,3.54,3.49
FLX-SAM-1351,"Charging Port Flex Cable for Samsung Galaxy S5 Active SM-G870A ","07/20/18 05:01 PM",0,4,1.52,9.04,7.79,2.49,"08/02/18 10:40 PM",etrade_supply,2.86,2.82
FLX-SAM-1352,"LCD Touch Screen Tester Flex Cable for Samsung Galaxy Note 4","08/05/15 11:55 AM",0,4,2.31,5.1975,3.89,2.99,"08/02/18 10:40 PM",etrade_supply,4.08,4.03
APL-003-1549,"Home Button Flex with Home Button for iPad Mini 3  - Gold","07/27/18 04:39 PM",4,10,2.34,4.09,3.29,3.99,"08/02/18 10:40 PM",etrade_supply,10.6,10.46
APL-003-1550,"Home Button Flex with Home Button for iPad Mini 3 - Black","07/27/18 04:39 PM",1,6,2.34,3.53,2.79,3.99,"08/02/18 10:40 PM",etrade_supply,10.6,10.46
APL-003-1552,"Home Button Flex for iPad Mini 3 ",N/A,0,9,0,12.49,0,0.99,"08/02/18 10:40 PM",etrade_supply,1.87,1.85
APL-003-1554,"iPhone 4 Replacement Headphone Jack Flex Cable - White - GSM",N/A,0,5,1.27,3.048,2.39,1.39,"08/02/18 10:40 PM",etrade_supply,2.24,2.21
APL-003-1555,"iPhone 4 Replace Headphone Jack Flex Cable - White - CDMA",N/A,0,7,1.9,4.37,3.59,0.89,"08/02/18 10:40 PM",etrade_supply,3.76,3.71
APL-003-1563,"Charging Port Flex Cable for iPad Mini 4 ","01/05/18 04:46 PM",5,0,2.88,8.645,3.99,3.99,"08/02/18 10:40 PM",etrade_supply,4.94,4.87
APL-003-1564,"Power and Volume Button Flex Cable for iPhone 6s","05/22/18 12:38 PM",9,7,2.22,5.99,5.99,2.69,"08/02/18 10:40 PM",etrade_supply,3.9,3.85
FLX-SAM-1363,"Charging Port Flex Cable for Samsung Galaxy S6 Edge Plus G928A ","01/29/18 01:44 PM",1,5,3.82,8.34,6.55,5.89,"08/02/18 10:40 PM",etrade_supply,7.22,7.13
FLX-SAM-1364,"Charging Port Flex Cable for Samsung Galaxy S6 Edge Plus G928T ","07/31/18 10:50 AM",1,6,3.82,8.34,6.55,5.89,"08/02/18 10:40 PM",etrade_supply,7.22,7.13
FLX-SAM-1365,"Charging Port Flex Cable for Samsung Galaxy S6 Edge Plus G928F ","07/31/18 10:50 AM",0,5,3.41,9.06,7.69,5.99,"08/02/18 10:40 PM",etrade_supply,7.21,7.12
FLX-SAM-1367,"Rear Camera Flex Cable for Samsung Galaxy S6 Edge Plus ","05/31/18 01:10 PM",0,6,3.08,14.06,11.39,4.09,"08/02/18 10:40 PM",etrade_supply,6.88,6.79
APL-003-1571,"Charging Port and Headphone Jack Flex Cable for iPhone 6s  White","07/20/18 05:01 PM",59,5,3.04,9.89,6.59,5.09,"08/02/18 10:40 PM",etrade_supply,9.22,9.1
APL-003-1573,"Charging Port and Headphone Jack Flex Cable for iPhone 6s  Gray","07/20/18 05:01 PM",5,35,3.04,8.27,8.27,4.69,"08/02/18 10:40 PM",etrade_supply,9.22,9.1
APL-003-1587,"Charging Port and Headphone Jack Flex Cable for iPhone 6s Plus  Space Gray","07/20/18 05:01 PM",17,0,3.49,10.99,7.89,5.69,"08/02/18 10:40 PM",etrade_supply,11.63,11.47
APL-003-1589,"Charging Port and Headphone Jack Flex Cable for iPhone 6s Plus  White","07/20/18 05:01 PM",29,0,3.49,10.99,5.18,5.79,"08/02/18 10:40 PM",etrade_supply,11.63,11.47
APL-003-1595,"Power Button Flex Cable for Apple iPhone 6S Plus ","06/14/18 03:09 PM",1,4,2.11,9.99,6.49,2.69,"08/02/18 10:40 PM",etrade_supply,3.91,3.86
APL-003-1596,"Volume and Mute Button Flex Cable for iPhone 6s Plus","10/04/17 02:24 PM",1,9,1.59,4.32,3.49,2.39,"08/02/18 10:40 PM",etrade_supply,3.26,3.22
APL-003-1608,"Home Button Assembly for iPhone 6s and 6s Plus  Rose Gold","07/27/18 04:39 PM",28,25,0.98,2.5,2.5,1.29,"08/02/18 10:40 PM",etrade_supply,3.9,3.85
APL-003-1633,"Metal LCD Backplate Shield & Home Extend Flex for iPhone 6 Plus ","07/27/18 04:39 PM",12,31,1.58,4.99,2.66,2.09,"08/02/18 11:00 PM",etrade_supply,6.35,6.26
APL-001-2182,"Touch Screen Digitizer and IC Control Circuit Logic Board Flex Cable for iPad mini 3 - Black - Grade A",N/A,0,0,0,17.6,0,0,"08/02/18 11:00 PM",etrade_supply,13.16,12.98
APL-003-1635,"Home Button Flex Cable for iPhone 6 and 6 Plus ","07/05/18 04:13 PM",2,8,0.95,2.35,1.97,1.99,"08/02/18 11:00 PM",etrade_supply,1.86,1.84
APL-003-1640,"Wi-Fi Antenna Flex Cable for iPhone 5s","03/21/18 03:19 PM",0,3,0.47,2.35,1.99,0.99,"08/02/18 11:00 PM",etrade_supply,1.1,1.08
APL-003-1643,"Microphone Flex Cable for iPad 3 Wi-Fi Model",N/A,0,4,1.41,3.38,2.69,2.49,"08/02/18 11:00 PM",etrade_supply,2.7,2.66
APL-003-1644,"Microphone Flex Cable for iPad 3 Cellular Model",N/A,0,5,1.41,3.38,2.69,1.79,"08/02/18 11:00 PM",etrade_supply,1.85,1.83
APL-003-1645,"Microphone Flex Cable for iPad 2","07/27/18 04:39 PM",0,5,1.43,2.39,2.39,1.89,"08/02/18 11:00 PM",etrade_supply,2.63,2.59
FLX-SAM-1438,"Vibration Motor without Flex Cable for Samsung Galaxy Note 3","05/18/16 01:35 PM",0,0,1.35,3.24,2.59,1.49,"08/02/18 11:00 PM",etrade_supply,2.12,2.09
FLX-SAM-1441,"Charging Port Flex Cable for Samsung Galaxy Note 4 N910T T-Mobile","07/27/18 04:39 PM",5,7,3.09,9.89,6.69,4.99,"08/02/18 11:00 PM",etrade_supply,6.52,6.43
FLX-SAM-1467,"Charging Port Flex Cable for Samsung Galaxy Note 5 N920G","05/22/18 12:38 PM",2,2,4.59,10.99,0,6.09,"08/02/18 11:00 PM",etrade_supply,5.26,5.19
FLX-SAM-1493,"Charging Port Flex Cable for Samsung Galaxy Mega 6.3 AT&T i527","07/26/17 02:43 PM",0,0,4.57,6.26,4.59,3.99,"08/02/18 11:00 PM",etrade_supply,7.22,7.13
FLX-SAM-1494,"Samsung Galaxy S4 L720T Charging Port Flex Cable","08/23/16 11:49 AM",0,0,3.48,7.31,3.79,3.79,"08/02/18 11:00 PM",etrade_supply,3.92,3.87
FLX-SAM-1510,"Home Button with Touch Sensor Flex Cable for Samsung Galaxy Note 4 - White","10/19/16 09:33 AM",0,6,0,6.99,0,3.29,"08/02/18 11:00 PM",etrade_supply,4.94,4.87
APL-003-1709,"Power and Volume Button Flex Cable for iPhone 7 Plus","05/22/18 12:38 PM",4,10,3.32,14.26,4.19,4.19,"08/02/18 11:00 PM",etrade_supply,8.66,8.54
FLX-SAM-1516,"Samsung Galaxy Note 5 N920P Charging Port Flex Cable - Grade A","11/09/16 01:41 PM",6,13,0,3.99,0,3.99,"08/02/18 11:00 PM",etrade_supply,5.26,5.19
APL-003-1715,"Home Button With Flex Cable for iPad Air 2 - Black","07/27/18 04:39 PM",2,8,2.19,6.83,5.36,2.89,"08/02/18 11:00 PM",etrade_supply,4.94,4.87
FLX-SAM-1529,"Home Button Flex Cable for Samsung Galaxy S7 Edge - White","04/03/17 01:21 PM",0,3,5.84,17.18,14.82,6.99,"08/02/18 11:00 PM",etrade_supply,23,22.69
FLX-SAM-1532,"Power Button Flex Cable for Samsung Galaxy S7 Edge","04/03/17 01:21 PM",0,3,1.18,3.89,3.13,1.49,"08/02/18 11:00 PM",etrade_supply,1.75,1.73
FLX-SAM-1534,"Volume Button Flex Cable for Samsung Galaxy S7 Edge","05/17/18 01:55 PM",0,2,1.04,4.55,3.66,1.79,"08/02/18 11:00 PM",etrade_supply,2.11,2.08
FLX-SAM-1537,"Rear Camera Flex Cable for Samsung Galaxy S7 Edge","07/05/18 04:13 PM",1,9,5.61,27.22,27.22,7.59,"08/02/18 11:00 PM",etrade_supply,13.52,13.34
APL-003-1721,"Rear Camera Flex Cable for iPhone SE","07/27/18 04:39 PM",4,10,10.31,39.99,23.01,23.01,"08/02/18 11:20 PM",etrade_supply,14.6,14.4
APL-003-1737,"Power and Volume Button Flex Cable for iPhone 7","05/22/18 12:38 PM",2,5,3.01,15.3,12.33,3.59,"08/02/18 11:20 PM",etrade_supply,5.82,5.75
APL-001-2333,"Metal Shield Backplate with Flex Cable for iPhone 6 ","07/27/18 04:39 PM",1,23,1.43,4.99,0,1.99,"08/02/18 11:20 PM",etrade_supply,6.35,6.26
SRN-MOT-659,"LCD and Touch Screen Digitizer for Motorola Droid Turbo 2 LCD With Frame","03/13/18 12:26 PM",1,8,74.5,179.99,0,89.99,"08/02/18 11:20 PM",etrade_supply,117.14,115.56
SRN-MOT-659,"LCD and Touch Screen Digitizer for Motorola Droid Turbo 2 LCD With Frame","03/13/18 12:26 PM",1,8,74.5,179.99,0,89.99,"08/02/18 11:20 PM",parts_4_cells,85,65
SRN-MOT-657,"LCD and Touch Screen Digitizer for Motorola Moto G4 - Black","01/29/18 01:44 PM",0,0,27.31,36.694,36.694,27.59,"08/02/18 11:20 PM",etrade_supply,33.9,33.45
APL-003-1554,"iPhone 4 Replacement Headphone Jack Flex Cable - White - GSM",N/A,0,5,1.27,3.048,2.39,1.39,"08/02/18 11:20 PM",parts_4_cells,5,4
FLX-HTC-060,"HTC EVO 3D PCB Ribbon with Front Camera and Mic Flex Cable - CDMA",N/A,0,3,0,10.95,8.09,0.99,"08/02/18 11:20 PM",etrade_supply,5.26,5.19
FLX-HTC-174,"HTC Droid Incredible 2 S Simcard Port Flex Cable",N/A,0,24,0,5.95,3.19,0.99,"08/02/18 11:20 PM",etrade_supply,1.68,1.66
FLX-HTC-186,"HTC Inspire Camera Socket Keypad Membrane PBC Ribbon Flex Cable",N/A,0,12,0,16.95,14.99,0.99,"08/02/18 11:20 PM",etrade_supply,15.86,15.65
FLX-HTC-192,"HTC Inspire  Sim Card Ribbon Flex Cable",N/A,0,5,0,5.95,3.19,0.99,"08/02/18 11:20 PM",etrade_supply,7.06,6.97
FLX-HTC-252,"HTC One V On/Off Power Button Volume Flex Cable",N/A,0,8,0,6.95,4.69,0.99,"08/02/18 11:20 PM",etrade_supply,2.99,2.95
FLX-HTC-282,"HTC One X Power On/Off Mic Flex Cable - International Model",N/A,0,43,0,5.95,3.89,0.99,"08/02/18 11:20 PM",etrade_supply,3.84,3.79
FLX-HTC-300,"HTC Radar 4G Audio Microphone Flex Cable",N/A,0,35,0,6.95,4.69,0.99,"08/02/18 11:20 PM",etrade_supply,0,1.66
FLX-HTC-306,"HTC Radar 4G Sim Card Flex Cable",N/A,0,28,0,8.95,6.39,0.99,"08/02/18 11:20 PM",etrade_supply,5.27,5.2
FLX-HTC-318,"HTC Rezound Sim Card Flex Cable",N/A,0,9,0,5.95,3.89,0.99,"08/02/18 11:20 PM",etrade_supply,10.64,10.5
FLX-HTC-330,"HTC Sensation Speaker Transmitter Mic Flex Cable",N/A,0,7,0,6.95,4.29,0.99,"08/02/18 11:20 PM",etrade_supply,1.68,1.66
FLX-HTC-336,"HTC Sensation Main Power Audio Ribbon Flex Cable","03/17/15 03:02 PM",0,3,7,12.25,10.29,0.99,"08/02/18 11:20 PM",etrade_supply,7.97,7.86
FLX-HTC-348,"HTC Sensation Side Volume Key Button Ribbon Flex Cable",N/A,0,7,0,4.95,2.19,0.99,"08/02/18 11:20 PM",etrade_supply,6.64,6.55
FLX-HTC-354,"HTC Sensation Sim Card Memory Card Flex Cable",N/A,0,28,0,5.95,3.89,0.99,"08/02/18 11:20 PM",etrade_supply,3.53,3.48
FLX-HTC-366,"HTC Sensation XL Sim Card Socket Slot Tray Flex Cable",N/A,0,8,0,4.95,2.99,0.99,"08/02/18 11:40 PM",etrade_supply,5.27,5.2
FLX-HTC-384,"HTC Thunderbolt Full Back Housing",N/A,0,7,0,12.95,10.09,0.99,"08/02/18 11:40 PM",etrade_supply,2.99,2.95
FLX-HTC-428,"HTC Wildfire S Keypad Touch Sensor Flex Cable",N/A,0,3,0,3.95,1.99,0.99,"08/02/18 11:40 PM",etrade_supply,2.99,2.95
FLX-HTC-430,"HTC Amaze Camera Flex Cable",N/A,0,5,0,9.95,7.59,0.99,"08/02/18 11:40 PM",etrade_supply,4.46,4.4
FLX-HTC-432,"HTC Evo 3D Back Camera Flex Cable",N/A,0,5,0,5.95,3.19,0.99,"08/02/18 11:40 PM",etrade_supply,21.17,20.88
FLX-HTC-436,"HTC Droid Incredible 2 USB Charging Port Flex Cable","02/03/16 12:04 PM",0,2,1.8,3.68,2.99,0.99,"08/02/18 11:40 PM",etrade_supply,1.68,1.66
FLX-HTC-438,"HTC Vivid Sim Card SD Memory Card Flex Cable",N/A,0,5,0,7.95,5.89,0.99,"08/02/18 11:40 PM",etrade_supply,3.53,3.48
FLX-HTC-440,"HTC Thunderbolt Keypad Light Flex Cable",N/A,0,20,0,3.95,1.49,0.99,"08/02/18 11:40 PM",etrade_supply,2.99,2.95
FLX-HTC-446,"HTC Rhyme Light Flex Cable",N/A,0,10,0,8.95,6.99,0.99,"08/02/18 11:40 PM",etrade_supply,3.53,3.48
FLX-HTC-448,"HTC Rhyme Sim Card SD Memory Card Flex Cable",N/A,0,7,0,7.95,5.19,0.99,"08/02/18 11:40 PM",etrade_supply,7.06,6.97
FLX-HTC-450,"HTC Raider USB Charging Port Connector Flex Cable",N/A,0,64,0,5.95,3.89,0.99,"08/02/18 11:40 PM",etrade_supply,4.46,4.4
FLX-HTC-452,"HTC Status Main Motherboard Connector Flex Cable",N/A,0,17,0,8.95,6.99,0.99,"08/02/18 11:40 PM",etrade_supply,1.68,1.66
FLX-HTC-454,"HTC Status Proximity Sensor / Volume Up Down Flex Cable",N/A,0,0,0,8.95,6.99,2.89,"08/02/18 11:40 PM",etrade_supply,2.99,2.95
FLX-HTC-460,"HTC Windows 8X Power Button Flex Cable","03/17/15 03:02 PM",0,1,1.63,3.749,3.09,0.99,"08/02/18 11:40 PM",etrade_supply,2.71,2.67
FLX-HTC-462,"HTC One M7 Sim Card Tray Slot Holder Flex Cable","05/04/17 12:20 PM",0,2,3.32,6.405,5.09,0.99,"08/02/18 11:40 PM",etrade_supply,1.68,1.66
FLX-HTC-466,"HTC EVO 3D Front Camera Light Sensor Microphone Flex Cable GSM",N/A,0,4,0,3.95,1.69,0.99,"08/02/18 11:40 PM",etrade_supply,2.99,2.95
FLX-HTC-472,"HTC One SV Vibrator Flex Cable",N/A,0,32,0,7.95,0,0.99,"08/02/18 11:40 PM",etrade_supply,1.76,1.74
FLX-HTC-474,"HTC One SV Back Camera Flex",N/A,0,32,0,9.95,0,0.99,"08/02/18 11:40 PM",etrade_supply,4.46,4.4
FLX-HTC-476,"HTC One SV Front Camera Flex",N/A,0,24,0,7.95,0,0.99,"08/02/18 11:40 PM",etrade_supply,4.46,4.4
