SKU,Title,"Raw Cost","Ex Rate","Shipping Fee","True Cost",D1,P1,"Sale Price",MS,FZ,MG,MD,ETS,MC,LL,P4C,CPH
APL-003-0006,"3 Megapixel Replacement Camera for iPhone 3GS",0.00,0.00,0.00,0.00,4.9500,1.0900,0.0000,,,,1.49,,,,,
APL-003-0036,"Metal Bracket for Mute Key for iPhone 3G 3GS",0.00,0.00,0.00,0.00,4.9500,0.9900,0.0000,,,0.30,,,,,,
APL-003-0042,"Proximity Sensor with Bracket for iPhone 3G 3GS",0.00,0.00,0.00,0.00,4.9500,2.0900,0.0000,,,,1.99,,,,,
APL-003-0084,"Vibrator Motor for iPhone 3G 3GS",0.00,0.00,0.00,0.00,2.9500,0.9900,0.0000,,,0.60,1.49,,,,,
APL-003-0102,"Vibrator Mute On/Off Switch for iPhone 3G 3GS Black",0.00,0.00,0.00,0.00,2.9500,0.9900,0.0000,,,0.30,,,,,,
APL-003-0108,"Vibrator Mute On/Off Switch for iPhone 3G 3GS White",0.00,0.00,0.00,0.00,2.9500,0.9900,0.0000,,,0.30,,,,,,
APL-003-0114,"Complete Replacement Screws Set for iPhone 3G 3GS",0.00,0.00,0.00,0.00,2.9500,0.9900,0.0000,,,0.30,,,,,,
APL-003-0156,"Replacement Home Button with Flex for iPhone 3G 3GS Cable Green",0.00,0.00,0.00,0.00,2.9500,0.9900,0.0000,,,,1.99,,,,,
APL-003-0174,"iPhone 3G 3GS Replacement Home Button with Flex Cable - Red",0.00,0.00,0.00,0.00,2.9500,0.9900,0.0000,,,,0.49,,,,,
APL-003-0186,"iPhone 3G 3GS Headphone Audio Flex Ribbon Cable Jack - Black",0.00,0.00,0.00,0.00,3.9500,2.5900,0.0000,,,,1.99,,,,,
APL-003-0192,"ATT iPhone 4 Proximity Light Sensor Power Flex",9.00,6.85,1.96,1.60,3.6800,2.9900,0.0000,2.19,7.99,,1.99,,,,,
APL-003-0210,"ATT iPhone 4 Camera Front-Facing",0.00,0.00,0.00,0.00,3.9500,1.4900,0.0000,3.49,,0.99,1.49,,,,,
APL-003-0216,"ATT iPhone 4 Signal Antenna Cover Cable",5.00,6.14,2.16,1.17,2.8080,2.1900,0.0000,,,,0.99,,,,,
APL-003-0228,"ATT iPhone 4 Sim Card Tray",1.50,6.12,1.80,0.54,1.3500,1.1900,0.0000,0.99,,,0.99,,,,,
APL-003-0234,"iPhone 4 4S Ear Piece Speaker",1.00,6.88,0.15,0.17,1.1550,0.6900,0.0000,0.75,2.99,,0.99,,,,,
APL-003-0240,"iPhone 4 Camera Back-Facing",12.00,6.12,1.53,2.21,4.9725,3.6900,0.0000,1.99,,2.50,2.99,,,,,
APL-003-0252,"iPhone 4 Vibrator Motor",4.00,6.12,1.53,0.90,2.2500,1.8900,0.0000,1.99,,0.50,0.99,,,,,
APL-003-0258,"iPhone 4 Complete Replacement Screws Set",3.50,6.10,0.90,0.72,1.8000,1.5900,0.0000,1.49,,0.30,1.49,,,,,
APL-003-0264,"iPhone 4 Home Button - Black",1.50,6.88,0.15,0.24,1.4700,0.8900,0.0000,,,0.30,0.99,,,,,
APL-003-0270,"iPhone 4 Home Button - White",1.50,6.89,3.15,0.67,1.3500,1.1900,0.0000,,,0.30,0.99,,,,,
APL-003-0276,"iPhone 4 Home Button - Red",0.00,0.00,0.00,0.00,2.9500,0.9900,0.0000,,,0.30,1.49,,,,,
APL-003-0324,"Verizon/Sprint iPhone 4 Signal Antenna Metal Cover Cable",0.00,0.00,0.00,0.00,3.9500,1.9900,0.0000,,,,0.49,,,,,
APL-003-0330,"Verizon/Sprint iPhone 4 Charging Port Flex Cable Ribbon - Black",10.00,6.85,1.44,1.67,4.1200,3.3900,0.0000,2.99,7.99,,1.99,,,,,
APL-003-0336,"Verizon/Sprint iPhone 4 Headphone Audio Flex Ribbon Cable",12.00,6.10,0.90,2.11,4.9725,3.6900,0.0000,2.99,,,1.49,,,,,
APL-003-0342,"Verizon/Sprint iPhone 4 Proximity Light Sensor Power Flex",7.00,6.32,0.83,1.24,2.9760,2.2900,0.0000,2.39,7.99,,1.99,,,,,
APL-003-0366,"iPhone 4 4S Phillips Cross Replacement Screws",1.00,6.32,0.00,0.16,2.0500,1.7900,0.0000,,,0.30,1.99,,,,,
APL-003-0378,"iPhone 4 4S LCD Testing Module",8.00,6.88,4.11,1.76,3.4300,2.6900,0.0000,4.49,,1.50,2.99,,,,,
APL-003-0384,"iPhone 4 4S Metal Buttons",4.00,6.70,2.17,0.92,2.5440,1.9900,0.0000,0.99,,0.30,0.99,,,,,
APL-003-0390,"iPhone 4S Proximity Light Sensor Power Flex",8.00,6.70,1.45,1.41,3.4800,2.6900,0.0000,2.29,7.99,1.50,1.49,,,,,
APL-003-0396,"iPhone 4S Camera - Back Facing - 8 Megapixel - Original",0.00,0.00,0.00,0.00,3.9500,0.9900,0.0000,2.50,7.99,2.50,2.49,,,,,
APL-003-0402,"iPhone 4S Complete Replacement Screw Set",2.00,6.50,1.94,0.61,1.8000,1.5900,0.0000,1.89,,0.30,0.99,,,,,
APL-003-0408,"iPhone 4S Camera - Front Facing",8.00,6.88,0.15,1.18,3.7720,3.0900,0.0000,3.79,,,1.49,,,,,
APL-003-0420,"iPhone 4S FPC Battery Connector Clip",0.00,0.00,0.00,0.00,2.9500,0.4900,0.0000,,,,1.49,,,,,
APL-003-0426,"Verizon/Sprint iPhone 4 Vibrator Module",0.00,0.00,0.00,0.00,2.9500,4.9900,0.0000,1.99,,0.30,,,,,,
APL-003-0432,"iPhone 4S Signal Antenna Metal Cover Cable",0.00,0.00,0.00,0.00,2.9500,0.9900,0.0000,2.99,4.99,,0.99,,,,,
APL-003-0438,"iPhone 4S Charging Dock Flex Cable - Black",8.00,6.88,0.15,1.18,4.3240,3.4900,0.0000,2.99,7.99,2.00,3.99,,,,,
APL-003-0444,"iPhone 4S Home Button Flex Cable",1.00,6.88,0.15,0.17,0.9800,0.5900,0.0000,1.49,4.99,,0.49,,,,,
APL-003-0450,"iPhone 4S Headphone Jack Volume Vibrator Switch Flex - Black",9.00,6.85,1.23,1.49,4.4850,3.6900,0.0000,3.49,7.99,0.99,2.49,,,,,
APL-003-0462,"iPhone 4S Home Button - Black",0.00,0.00,0.00,0.00,2.9500,0.6900,0.0000,1.49,,0.60,,,,,,
APL-003-0522,"Front Camera with Proximity Sensor Flex Cable for iPhone 5",7.00,6.88,1.13,1.18,3.1000,2.3900,0.0000,1.79,7.99,1.68,2.99,,,,,
APL-003-0528,"iPhone 5 Back Camera Flex Cable",20.00,6.88,0.15,2.93,7.9800,6.7200,0.0000,3.75,9.99,3.99,5.99,,,,,
APL-003-0534,"iPhone 5 Mute Volume Power Metal Buttons - Black",7.00,6.43,1.41,1.31,3.3840,2.6900,0.0000,1.99,,0.99,0.00,,,,,
APL-003-0540,"iPhone 5 Mute Volume Power Metal Buttons - White",6.00,6.50,1.90,1.22,2.8600,2.2900,0.0000,1.99,,0.99,0.99,,,,,
APL-003-0546,"iPhone 5 Vibrator Motor",6.00,6.50,1.94,1.22,2.9300,2.2900,0.0000,2.98,3.99,,1.99,,,,,
APL-003-0552,"iPhone 5 SIM Card Tray - Silver",2.00,6.82,1.80,0.56,1.4000,1.1800,0.0000,1.89,3.99,,0.99,,,,,
APL-003-0558,"iPhone 5 SIM Card Tray - Black",2.00,6.70,1.45,0.51,1.5500,1.3900,0.0000,,3.99,,0.99,,,,,
APL-003-0564,"Headphone Jack Charging Port Flex Cable for iPhone 5 Black",9.00,6.89,2.21,1.63,4.0300,3.2900,0.0000,,7.99,1.80,3.99,,,,,
APL-003-0570,"Home Button for iPhone 5 White",1.50,6.89,3.15,0.67,1.4700,0.8900,0.0000,1.09,,0.40,1.99,,,,,
APL-003-0576,"Home Button for iPhone 5 Black",1.50,6.89,3.15,0.67,1.4700,0.8900,0.0000,1.09,,0.99,1.99,,,,,
APL-003-0582,"Loud Speaker Module for iPhone 5",6.00,6.88,0.15,0.89,2.8100,2.1900,0.0000,1.39,4.99,1.99,2.99,,,,,
APL-003-0588,"Headphone Jack Charging Port Flex Cable for iPhone 5 White",10.00,6.89,3.15,1.91,4.6000,3.7000,0.0000,,7.99,1.80,3.99,,,,,
APL-003-0618,"Power Volume Flex Cable for iPhone 5",8.00,6.82,0.90,1.30,3.4600,2.6900,0.0000,2.99,7.99,2.00,3.99,,,,,
APL-003-0654,"Charging Port for iPod Touch 2 3",0.00,0.00,0.00,0.00,3.9500,1.6900,0.0000,,,0.99,,,,,,
APL-003-0684,"Charging Port Module for iPod Touch 4",5.00,6.70,1.45,0.96,2.4250,2.0900,0.0000,,4.99,0.99,1.49,,,,,
APL-003-0690,"Front Camera for iPod Touch 4",0.00,0.00,0.00,0.00,3.9500,1.4900,0.0000,1.49,7.99,0.60,,,,,,
APL-003-0696,"Audio Headphone Jack Flex Cable for iPod Touch 4",4.00,6.12,1.80,0.95,2.3750,2.0900,0.0000,0.99,4.99,,0.99,,,,,
APL-003-0702,"Home Button for iPod Touch 4 Flex",2.00,6.12,1.80,0.62,1.5500,1.3900,0.0000,,,0.50,2.99,,,,,
APL-003-0708,"Loud Speaker Buzzer Flex for iPod Touch 4",0.00,0.00,0.00,0.00,2.9500,0.9900,0.0000,0.99,,,0.49,,,,,
APL-003-0714,"Power Volume Flex Cable for iPod Touch 4",4.00,6.85,2.24,0.91,2.0800,1.7900,0.0000,0.99,,0.99,2.99,,,,,
APL-003-0720,"Rear Camera for iPod Touch 4",0.00,0.00,0.00,0.00,3.9500,1.4900,0.0000,1.49,4.99,0.90,0.49,,,,,
APL-003-0726,"Wifi Flex Cable for iPod Touch 4",6.00,6.28,1.87,1.25,3.0000,2.3900,0.0000,0.99,4.99,,1.49,,,,,
APL-003-0834,"Audio Headphone Jack Flex Cable GSM Version for iPad 2",10.00,6.85,1.96,1.75,4.1170,3.3900,0.0000,2.49,7.99,1.50,6.99,,,,,
APL-003-0840,"Audio Headphone Jack Flex Cable WIFI / CDMA Version for iPad 2 821-1378-A",8.00,6.43,0.00,1.24,4.0900,3.2900,0.0000,2.19,7.99,1.80,2.99,,,,,
APL-003-0846,"Rear Camera for iPad 2",10.00,6.70,3.59,2.03,4.0710,3.2900,0.0000,4.99,,0.80,1.99,,,,,
APL-003-0852,"Camera Front Facing for iPad 2",10.00,6.88,0.15,1.48,4.3240,3.4900,0.0000,,,0.60,2.99,,,,,
APL-003-0858,"Charging Port Dock Flex Cable for iPad 2",10.00,6.88,0.15,1.48,3.6110,2.9900,0.0000,4.72,7.99,1.50,2.99,,,,,
APL-003-0864,"LCD Screen Connector Flex Cable for iPad 2",25.00,6.85,0.68,3.75,8.0400,6.3900,0.0000,5.29,7.99,5.50,,,,,,
APL-003-0870,"Internal Loudspeaker for iPad 2",18.00,6.88,0.15,2.64,4.4390,3.5900,0.0000,4.00,,1.68,2.99,,,,,
APL-003-0876,"Volume Vibrator Switch Power Button Flex Cable CDMA Version for iPad 2 (EMC 2560)",13.00,6.89,2.07,2.19,3.0720,2.3900,0.0000,3.95,7.99,1.99,4.99,,,,,
APL-003-0882,"iPad 2 Volume Vibrator Switch Power Button Flex Cable - GSM / WIFI Version (2011)",13.00,6.89,2.07,2.19,2.6600,2.0900,0.0000,3.79,7.99,1.99,,,,,,
APL-003-0888,"Volume and Mute Side Buttons for iPad 2",3.00,6.85,1.23,0.62,1.7800,1.4900,0.0000,1.29,3.99,0.80,,,,,,
APL-003-0894,"WIFI Bluetooth Signal Antenna Flex Cable for iPad 2",7.00,6.89,2.07,1.32,2.9760,2.2900,0.0000,2.49,7.99,1.50,2.99,,,,,
APL-003-0900,"Micro SIM Card Tray Holder for iPad 2",0.00,0.00,0.00,0.00,3.9500,1.4900,0.0000,,,0.00,,,,,,
APL-003-0948,"Home Button Circuit Control Board for iPad 2 3",3.00,6.46,2.54,0.86,1.7000,1.4900,0.0000,,,,0.99,,,,,
APL-003-0954,"Wifi & Bluetooth Flex Cable for iPad 3/4",7.00,6.82,2.24,1.35,3.2400,2.5000,0.0000,2.49,7.99,1.99,,,,,,
APL-003-0960,"Charging Port Flex Cable for iPad 3",25.00,6.89,1.72,3.88,3.8410,3.0900,0.0000,2.99,7.99,3.80,5.99,,,,,
APL-003-0966,"GPS Antenna Flex Cable for iPad 3",0.00,0.00,0.00,0.00,3.9500,1.6900,0.0000,2.29,4.99,,,,,,,
APL-003-0972,"Headphone Audio Jack Flex Cable WIFI Version for iPad 3",0.00,0.00,0.00,0.00,5.9500,3.1900,0.0000,,,1.99,2.99,,,,,
APL-003-0978,"Power On Off Volume Flex Cable for iPad 3",10.00,6.88,4.11,2.05,4.1170,3.3900,0.0000,5.99,7.99,1.20,2.99,,,,,
APL-003-0984,"Home Button Circuit Control Board for iPad 2 3",2.00,6.43,0.36,0.37,1.5250,1.2900,0.0000,,,0.50,1.99,,,,,
APL-003-0990,"Headphone Audio Jack Flex Cable for iPad Mini White",10.00,6.85,3.80,2.01,4.2100,3.3900,0.0000,2.19,7.99,,1.99,,,,,
APL-003-0996,"WiFi & Bluetooth Left Antenna for iPad Mini & iPad Mini 2",6.00,6.88,0.15,0.89,3.0000,2.3900,0.0000,4.29,,0.80,1.99,,,,,
APL-003-1002,"Charging Port Flex Cable Assembly for iPad Mini White",10.00,6.85,3.80,2.01,4.5200,3.3200,0.0000,4.85,7.99,1.20,2.99,,,,,
APL-003-1008,"WiFi & Bluetooth Right Antenna for iPad Mini & iPad Mini 2",9.00,6.82,2.24,1.65,3.8000,3.0500,0.0000,3.29,,1.50,1.99,,,,,
APL-003-1014,"Home Button Flex Cable for iPad Mini & iPad Mini 2",8.00,6.13,2.07,1.64,3.7720,3.0900,0.0000,,7.99,0.00,2.99,,,,,
APL-003-1026,"Left and Right Cellular Antenna Set for iPad Mini &amp; iPad Mini 2",8.00,6.88,0.15,1.18,3.3600,2.5900,0.0000,,,,2.99,,,,,
APL-002-0820,"Touch Screen Digitizer Mid-Frame Bezel for iPad 2 3 4 Black",4.00,6.88,4.11,1.18,2.2750,1.9100,0.0000,1.25,2.99,0.99,1.99,,,,,
APL-002-0821,"Touch Screen Digitizer Mid-Frame Bezel for iPad 2 3 4 White",4.00,6.88,4.11,1.18,2.0500,1.7900,0.0000,1.25,2.99,0.99,1.99,,,,,
APL-001-0090,"LCD Screen for iPhone 3GS",0.00,0.00,0.00,0.00,15.9500,15.0900,0.0000,,12.99,,,,,,,
APL-001-0096,"LCD and Touch Screen Digitizer for ATT iPhone 4 Black",70.00,6.88,1.13,10.34,15.9500,12.9900,0.0000,11.50,19.99,13.98,,,,,,
APL-001-0102,"LCD and Touch Screen Digitizer for ATT iPhone 4 White",70.00,6.89,1.72,10.41,15.9500,12.9900,0.0000,11.50,19.99,13.98,14.99,,,,,
APL-001-0186,"LCD and Touch Screen Digitizer for Verizon/Sprint iPhone 4 Black",70.00,6.88,4.11,10.77,15.9500,12.9900,0.0000,11.50,19.49,13.98,,,,,,
APL-001-0276,"LCD and Touch Screen Digitizer for iPhone 4S Black",70.00,6.88,4.11,10.77,17.0900,13.9900,0.0000,11.50,19.49,13.98,14.99,,,,,
APL-001-0282,"LCD and Touch Screen Digitizer for iPhone 4S White",30.00,6.85,3.53,4.89,14.9500,13.9900,0.0000,11.50,19.99,13.98,,,,,,
APL-001-0410,"LCD Touch Screen Digitizer Assembly for iPhone 5 (Economy Plus) - Black",9.00,1.00,0.00,9.00,16.9900,13.4900,0.0000,13.50,19.99,13.80,14.99,,,13.00,,
APL-001-0411,"LCD Touch Screen Digitizer Assembly for iPhone 5 (Economy Plus) - White",9.00,1.00,0.47,9.47,16.9900,13.4900,0.0000,13.00,19.99,13.80,14.99,,,,,
APL-001-0408,"LCD Screen for iPad 1",230.00,6.50,2.93,35.84,52.8550,48.0900,0.0000,,47.99,,,,,,,
APL-001-0462,"LCD Screen for iPad 2",220.00,6.82,8.40,33.49,47.6900,43.3900,0.0000,42.50,49.99,42.99,43.99,,,,,
APL-001-0522,"LCD Screen Replacement for iPad Mini (Non-Retina)",180.00,6.89,1.72,26.37,38.6700,35.9100,0.0000,35.50,37.99,34.98,31.99,,,,,
APL-001-0528,"LCD Screen for iPod Touch 1",0.00,0.00,0.00,0.00,6.9500,5.9900,0.0000,,,2.99,,,,,,
APL-001-0534,"Touch Screen Digitizer for iPod Touch 1",0.00,0.00,0.00,0.00,5.9500,5.7900,0.0000,,,1.99,,,,,,
APL-001-0540,"Touch Screen Digitizer for iPod Touch 2 Black",20.00,6.46,2.08,3.42,7.8500,6.1900,0.0000,,,0.99,,,,,,
APL-001-0564,"Touch Screen Digitizer for iPod Touch 3",0.00,0.00,0.00,0.00,5.9500,5.7900,0.0000,,,0.99,,,,,,
APL-001-0576,"Touch Screen Glass Digitizer with Frame and Home Button for iPod Touch 3",20.00,6.43,7.42,4.26,8.0900,6.8900,0.0000,,,0.99,,,,,,
APL-001-0588,"LCD and Touch Screen Digitizer for iPod Touch 4 Black",60.00,6.85,13.41,10.72,16.4390,13.2500,0.0000,14.50,14.99,13.98,12.99,,,,,
APL-001-0594,"LCD and Touch Screen Digitizer for iPod Touch 4 - White",60.00,6.85,13.41,10.72,17.3440,14.9900,0.0000,14.50,17.99,13.98,12.99,,,,,
APL-001-0600,"LCD and Touch Screen Digitizer for iPod Touch 4 Baby Blue",70.00,6.32,2.19,11.42,17.7000,15.6900,0.0000,,,,13.99,,,,,
BKB-MOD-054,"Blackberry Bold 9700 Trackpad Home Button - Black",0.00,0.00,0.00,0.00,5.9500,5.9900,0.0000,,,1.50,,,,,,
BTY-BKB-006,"Blackberry Bold 9780 9700 9000 Replacement Battery",0.00,0.00,0.00,0.00,3.9500,3.4900,0.0000,,,1.99,,,,,,
BTY-HTC-012,"HTC Aria BB92100 Replacement Battery",0.00,0.00,0.00,0.00,6.9500,2.9900,0.0000,,,1.99,,,,,,
BTY-HTC-030,"HTC Evo 4G BB96100 / RHOD160 Replacement Battery",0.00,0.00,0.00,0.00,6.9500,2.9900,0.0000,,,1.99,0.49,,,,,
FLX-HTC-006,"HTC Amaze Audio Headphone Jack Earpiece Speaker Flex Cable",0.00,0.00,0.00,0.00,12.9500,10.4900,0.0000,,,0.99,,,,,,
FLX-HTC-030,"HTC Aria MicroSD SIM Card Port Flex Cable",0.00,0.00,0.00,0.00,8.9500,6.3900,0.0000,,,0.99,,,,,,
FLX-HTC-120,"HTC HD2 T8585 GPS Antenna Board Flex Cable",0.00,0.00,0.00,0.00,3.9500,1.6900,0.0000,,,0.99,,,,,,
FLX-HTC-126,"HTC HD2 T8585 Keyboard Keypad Flex Cable",0.00,0.00,0.00,0.00,4.9500,2.1900,0.0000,,,1.50,,,,,,
FLX-HTC-174,"HTC Droid Incredible 2 S Simcard Port Flex Cable",0.00,0.00,0.00,0.00,5.9500,3.1900,0.0000,,,0.99,,,,,,
FLX-HTC-228,"HTC Mytouch 4G Sim Card Memory SD Card Flex Cable",0.00,0.00,0.00,0.00,8.9500,6.8900,0.0000,,,1.50,,,,,,
FLX-HTC-240,"HTC Mytouch 4G Slide Microphone Audio Power Main Flex Cable",0.00,0.00,0.00,0.00,13.9500,11.2900,0.0000,,,0.99,,,,,,
FLX-HTC-246,"HTC MyTouch 4G Slide PCB Slide Ribbon Flex Cable",0.00,0.00,0.00,0.00,12.9500,10.0900,0.0000,,,,0.49,,,,,
FLX-HTC-252,"HTC One V On/Off Power Button Volume Flex Cable",0.00,0.00,0.00,0.00,6.9500,4.6900,0.0000,,,1.50,,,,,,
FLX-HTC-258,"HTC One X Dock Connector with PCB Board Flex Cable",0.00,0.00,0.00,0.00,8.9500,6.3900,0.0000,,,0.80,,,,,,
FLX-HTC-264,"HTC One X S720e G23 Micro SIM Card Tray Holder - Black",0.00,0.00,0.00,0.00,3.9500,1.1900,0.0000,,,0.50,,,,,,
FLX-HTC-270,"HTC One X  Micro SIM Card Tray Holder - White",0.00,0.00,0.00,0.00,3.9500,1.1900,0.0000,,,0.50,,,,,,
FLX-HTC-294,"HTC Radar 4G Audio Jack Power On Off Main PCB Flex Cable",0.00,0.00,0.00,0.00,19.9500,17.4900,0.0000,,,16.99,,,,,,
FLX-HTC-306,"HTC Radar 4G Sim Card Flex Cable",0.00,0.00,0.00,0.00,8.9500,6.3900,0.0000,,,0.99,,,,,,
FLX-HTC-318,"HTC Rezound Sim Card Flex Cable",0.00,0.00,0.00,0.00,5.9500,3.8900,0.0000,,,0.99,,,,,,
FLX-HTC-336,"HTC Sensation Main Power Audio Ribbon Flex Cable",40.00,6.15,3.05,7.00,12.2500,10.2900,0.0000,,,5.99,,,,,,
FLX-HTC-348,"HTC Sensation Side Volume Key Button Ribbon Flex Cable",0.00,0.00,0.00,0.00,4.9500,2.1900,0.0000,,,0.60,,,,,,
FLX-HTC-354,"HTC Sensation Sim Card Memory Card Flex Cable",0.00,0.00,0.00,0.00,5.9500,3.8900,0.0000,,,0.99,,,,,,
FLX-HTC-390,"HTC Desire Z T-mobile G2 Trackball Joystick Navigation Key Flex Cable",0.00,0.00,0.00,0.00,14.9500,12.6900,0.0000,,,0.99,,,,,,
FLX-HTC-426,"HTC Wildfire Volume Key Ribbon Flex Cable",0.00,0.00,0.00,0.00,3.9500,1.9900,0.0000,,,0.99,,,,,,
SRN-HTC-042,"HTC ATT Freestyle Touch Screen Digitizer",25.00,6.32,8.97,5.38,10.1340,8.7900,0.0000,,,2.99,,,,,,
SRN-HTC-090,"HTC Droid Incredible 4G LTE Touch Screen Digitizer",25.00,6.32,6.73,5.02,8.5500,7.2900,0.0000,,,3.99,,,,,,
SRN-HTC-102,"HTC Evo 3D Touch Screen Digitizer",20.00,6.82,8.90,4.24,8.0600,6.7800,0.0000,,,2.99,,,,,,
SRN-HTC-156,"HTC Evo 4G LTE Touch Screen Digitizer",35.00,6.50,6.88,6.44,11.2700,9.4900,0.0000,,,1.99,,,,,,
SRN-HTC-168,"HTC Evo Shift 4G Touch Screen Digitizer",25.00,6.32,6.88,5.04,9.0700,7.8900,0.0000,,,3.99,,,,,,
SRN-HTC-198,"HTC G2 / Desire Z Touch Screen Digitizer",25.00,6.32,6.88,5.04,9.0700,7.8900,0.0000,,,1.99,,,,,,
SRN-HTC-204,"HTC HD2 Tmobile Touch Screen Digitizer",4.00,1.00,0.25,4.25,12.9500,8.8900,0.0000,,,5.50,,,,,,
SRN-HTC-222,"HTC HD7 Touch Screen Digitizer",0.00,0.00,0.00,0.00,10.9500,8.8900,0.0000,,,4.99,,,,,,
SRN-HTC-234,"HTC HD7S Touch Screen Digitizer",0.00,0.00,0.00,0.00,10.9500,8.8900,0.0000,,,4.99,,,,,,
SRN-HTC-264,"HTC MyTouch 3G Slide LCD Screen",25.00,6.13,8.51,5.47,9.8460,8.4900,0.0000,,,0.20,,,,,,
SRN-HTC-270,"HTC MyTouch 3G Slide Touch Screen Digitizer",0.00,0.00,0.00,0.00,7.9500,7.8900,0.0000,,,2.99,,,,,,
SRN-HTC-288,"HTC Mytouch 4G LCD Screen",0.00,0.00,0.00,0.00,11.9500,11.8900,0.0000,,,,5.49,,,,,
SRN-HTC-306,"HTC Mytouch 4G Touch Screen Digitizer",25.00,6.14,11.11,5.88,10.5840,9.1900,0.0000,,,,2.49,,,,,
SRN-HTC-312,"HTC One S LCD + Touch Screen Digitizer",90.00,6.13,9.09,16.16,23.4320,21.4900,0.0000,,,15.99,,,,,,
SRN-HTC-324,"HTC One X Front Housing LCD + Touch Screen Digitizer",125.00,6.50,1.05,19.39,28.1200,25.7900,0.0000,,,17.99,,,,,,
SRN-HTC-342,"HTC Rezound LCD Screen",0.00,0.00,0.00,0.00,28.9500,17.7900,0.0000,,,9.99,,,,,,
SRN-HTC-354,"HTC Rhyme Touch Screen Digitizer",0.00,0.00,0.00,0.00,10.9500,10.8900,0.0000,,,2.50,,,,,,
SRN-HTC-378,"HTC Sensation Touch Screen Digitizer",0.00,0.00,0.00,0.00,14.9500,9.8900,0.0000,,,7.50,,,,,,
SRN-HTC-426,"HTC Thunderbolt Touch Screen Digitizer",0.00,0.00,0.00,0.00,8.9500,7.8900,0.0000,,,2.99,,,,,,
SRN-HTC-498,"HTC Wildfire S LCD Screen",0.00,0.00,0.00,0.00,7.9500,7.8900,0.0000,,,2.99,,,,,,
SRN-HUA-042,"Huawei Mercury M886 Digitizer Touch Screen",35.00,6.12,4.04,6.38,11.1650,9.3900,0.0000,,,3.99,,,,,,
FLX-LGM-066,"LG Optimus Black P970 Audio Headphone Jack Flex Cable",0.00,0.00,0.00,0.00,8.9500,6.3900,0.0000,,,0.99,,,,,,
SRN-LGM-030,"LG G2X Optimus 2X P990 P999 LCD Screen",0.00,0.00,0.00,0.00,13.9500,12.8900,0.0000,,,5.99,,,,,,
SRN-LGM-036,"LG G2X Optimus 2X P990 P999 Touch Screen Digitizer - Black",35.00,6.50,3.57,5.93,10.8325,9.1900,0.0000,,,3.99,,,,,,
SRN-LGM-096,"LG Optimus 3D P920 Thrill 4G P925 Touch Screen Digitizer",40.00,6.12,5.24,7.39,12.5630,10.1900,0.0000,,,5.99,,,,,,
SRN-LGM-108,"LG Optimus Black P970 Touch Screen Digitizer - Black",35.00,6.32,6.73,6.60,11.5500,9.7900,0.0000,,,3.99,,,,,,
SRN-LGM-114,"LG Revolution VS910 LCD Screen",0.00,0.00,0.00,0.00,9.9500,9.8900,0.0000,,,6.50,2.99,,,,,
SRN-LGM-120,"LG Revolution VS910 Touch Screen Digitizer",35.00,6.12,5.24,6.58,11.5150,9.6900,0.0000,,,5.99,,,,,,
FLX-MOT-030,"Motorola Droid X MB810 Main PCB Ribbon Ear Piece Speaker Flex Cable",0.00,0.00,0.00,0.00,5.9500,3.8900,0.0000,,,0.99,,,,,,
SRN-MOT-006,"Motorola Atrix 4G MB860 LCD Screen",0.00,0.00,0.00,0.00,16.9500,9.8900,0.0000,13.99,,,,,,,,
SRN-MOT-012,"Motorola Atrix 4G MB860 Touch Screen Digitizer",25.00,6.60,8.54,5.08,9.9000,8.5900,0.0000,,,3.99,,,,,,
SRN-MOT-036,"Motorola Droid 2 A955 LCD Screen",0.00,0.00,0.00,0.00,10.9500,15.7900,0.0000,,,,2.49,,,,,
SRN-MOT-042,"Motorola Droid 2 A955 Touch Screen Digitizer",0.00,0.00,0.00,0.00,9.9500,6.8900,0.0000,,,2.99,0.49,,,,,
SRN-MOT-048,"Motorola Droid 2 Global A956 LCD Screen",0.00,0.00,0.00,0.00,10.9500,9.8900,0.0000,,,3.99,2.49,,,,,
SRN-MOT-060,"Motorola Droid 3 XT862 XT860 LCD Screen",0.00,0.00,0.00,0.00,17.9500,14.8900,0.0000,,,,7.99,,,,,
SRN-MOT-066,"Motorola Droid 3 XT862 XT860 Touch Screen Digitizer",0.00,0.00,0.00,0.00,13.9500,10.8900,0.0000,,,5.50,,,,,,
SRN-MOT-084,"Motorola Droid Bionic XT875 LCD Screen",0.00,0.00,0.00,0.00,11.9500,9.8900,0.0000,,,0.30,0.49,,,,,
SRN-MOT-120,"Motorola Droid X2 MB870 LCD Screen Version A (Small Connector)",0.00,0.00,0.00,0.00,27.9500,19.7900,0.0000,,,,0.49,,,,,
SRN-NOK-012,"Nokia Lumia 610 Digitizer Touch Screen with Frame",0.00,0.00,0.00,0.00,19.9500,6.8900,0.0000,,,2.50,,,,,,
FLX-SAM-006,"Samsung Epic 4G D700 Keyboard Flex Cable",0.00,0.00,0.00,0.00,7.9500,5.4900,0.0000,,,0.99,,,,,,
FLX-SAM-012,"Samsung Epic 4G D700 Motherboard Slide Flex Cable",0.00,0.00,0.00,0.00,8.9500,6.8900,0.0000,,,0.99,,,,,,
FLX-SAM-048,"Samsung Galaxy Nexus i9250 Charging Port Flex Cable",13.00,6.50,1.62,2.25,5.0600,3.7900,0.0000,,,0.99,,,,,,
FLX-SAM-066,"Samsung Galaxy Nexus i9250 Keypad Volume Ribbon Flex Cable",0.00,0.00,0.00,0.00,3.9500,1.4900,0.0000,,,0.50,,,,,,
FLX-SAM-462,"Samsung Galaxy Note 2 Keypad Home Button Flex Cable",10.00,6.85,2.16,1.78,4.3240,3.4900,0.0000,3.89,,2.99,3.99,,,,,
FLX-SAM-096,"Samsung Galaxy Note 2 N7100 Sim Card Memory Card Flex Cable",0.00,0.00,0.00,0.00,5.9500,3.1900,0.0000,,,4.50,,,,,,
FLX-SAM-126,"Samsung Galaxy S Captivate i897 Audio Jack Earpiece Flex Cable",10.00,6.50,2.29,1.89,4.3500,3.5900,0.0000,,,0.99,,,,,,
FLX-SAM-132,"Samsung Galaxy S Captivate i897 Keypad Flex Cable",0.00,0.00,0.00,0.00,5.9500,3.8900,0.0000,,,0.99,,,,,,
FLX-SAM-138,"Samsung Galaxy S Captivate i897 LCD Motherboard Mic Touchpad Flex Cable",0.00,0.00,0.00,0.00,7.9500,5.1900,0.0000,,,0.99,,,,,,
FLX-SAM-144,"Samsung Galaxy S Captivate i897 Sim Card Flex Cable",10.00,6.85,2.24,1.79,4.9500,2.6900,0.0000,,,0.99,,,,,,
FLX-SAM-234,"Samsung Galaxy S3 i9300 T999 i747 i535 L710 Wifi Antenna Flex Cable",0.00,0.00,0.00,0.00,3.9500,1.1900,0.0000,2.95,,,,,,,,
FLX-SAM-240,"Samsung Galaxy S3 i9300 T999 i747 i535 L710 Back Camera Flex Cable",15.00,6.30,1.51,2.62,5.8950,4.3900,0.0000,2.75,9.49,0.99,1.99,,,,,
FLX-SAM-246,"Samsung Galaxy S3 i9300 T999 i747 i535 L710 Loudspeaker Flex Cable - White",10.00,6.50,1.36,1.75,4.2320,3.4900,0.0000,4.25,,2.99,,,,,,
FLX-SAM-252,"Samsung Galaxy S3 i9300 T999 i747 i535 L710 Front Camera Flex Cable",9.00,6.30,1.62,1.69,3.8870,3.1900,0.0000,2.79,,,1.99,,,,,
FLX-SAM-258,"Samsung Galaxy S3 i9300 T999 i747 i535 L710 Home Button Flex Cable",0.00,0.00,0.00,0.00,2.9500,0.9900,0.0000,1.39,,,0.49,,,,,
FLX-SAM-264,"Samsung Galaxy S3 i9300 T999 i747 i535 L710 Keypad Flex Cable",0.00,0.00,0.00,0.00,3.9500,1.6900,0.0000,1.89,,,0.99,,,,,
FLX-SAM-270,"Samsung Galaxy S3 i9300 T999 i747 i535 L710 Speaker Volume Flex Cable",0.00,0.00,0.00,0.00,5.9500,3.4900,0.0000,3.29,,,1.49,,,,,
FLX-SAM-276,"Samsung Galaxy S3 i9300 T999 i747 i535 L710 Vibrator Flex Cable",0.00,0.00,0.00,0.00,3.9500,1.6900,0.0000,2.79,,,,,,,,
FLX-SAM-282,"Samsung Galaxy S3 i9300 T999 i747 Sim Memory Card Flex Cable",8.00,6.30,2.28,1.63,3.5190,2.8900,0.0000,3.49,4.99,2.99,,,,,,
FLX-SAM-294,"Samsung Galaxy Tab 10.1 P7510 P7500 Headphone Audio Jack Flex Cable",0.00,0.00,0.00,0.00,4.9500,2.9900,0.0000,,,1.50,,,,,,
FLX-SAM-306,"Samsung Galaxy Tab 10.1 P7510 P7500 Power Volume Button Flex Cable",10.00,6.88,0.15,1.48,4.3240,3.4900,0.0000,,,0.80,,,,,,
FLX-SAM-336,"Samsung Galaxy Tab SGH-i957 P7300 P7310 P7320 Volume Flex Cable",0.00,0.00,0.00,0.00,4.9500,2.9900,0.0000,,,0.80,,,,,,
FLX-SAM-342,"Samsung Galaxy Tab SGH-T849 i987 P1000 Audio Headphone Jack Flex Cable",0.00,0.00,0.00,0.00,4.9500,2.9900,0.0000,,,0.99,,,,,,
FLX-SAM-354,"Samsung Galaxy Tab SGH-T849 i987 P1000 LCD Connector Flex Cable",10.00,6.50,0.00,1.54,4.3500,3.5900,0.0000,,,0.99,,,,,,
FLX-SAM-360,"Samsung Galaxy Tab SGH-T849 i987 P1000 Main LCD Flex Cable",0.00,0.00,0.00,0.00,11.9500,9.8900,0.0000,,,0.99,,,,,,
FLX-SAM-390,"Samsung S8600 Wave 3 Buzzer Loudpeaker Flex Cable",0.00,0.00,0.00,0.00,6.9500,4.6900,0.0000,,,0.99,,,,,,
FLX-SAM-414,"Samsung Sidekick 4G T839 Keypad Flat Connector Flex Cable",0.00,0.00,0.00,0.00,7.9500,5.9900,0.0000,,,0.99,,,,,,
SRN-SAM-036,"Samsung Galaxy Nexus i515 i9250 L700 LCD + Touch Screen Digitizer",400.00,6.13,7.69,66.51,89.7885,49.9900,0.0000,,,50.00,,,,,,
SRN-SAM-042,"Galaxy Note 2 i317 T889 LCD + Digitizer Touch Screen - Gray - New",470.00,6.82,7.93,70.08,91.2500,84.9900,0.0000,84.99,112.99,,94.99,,,,,
SRN-SAM-048,"Galaxy Note 2 N7105 i317 T889 LCD + Digitizer Touch Screen - White - New",570.00,6.43,10.61,90.30,128.7700,84.9900,0.0000,84.99,104.99,,94.99,,,,,
SRN-SAM-132,"Galaxy S3 T999 i747 i535 L710 LCD + Touch Screen Digitizer - White",285.00,6.88,1.59,41.66,76.1100,55.9900,0.0000,55.00,69.99,57.99,64.99,,,,,
SRN-SAM-138,"Galaxy S3 T999 i747 LCD + Touch Screen Digitizer with Frame - Marble White",38.00,1.00,0.00,38.00,78.9900,59.9900,0.0000,65.00,74.99,,65.99,,,,,
TAB-SRN-090,"Samsung Galaxy Tab 2 10.1 T779 i497 Touch Screen Digitizer - Black",45.00,6.12,6.96,8.49,14.4330,11.6900,0.0000,12.99,,13.50,,,,,,
TAB-SRN-102,"Samsung Galaxy Tab/Tab 2 10.1 5113 P7500 LCD Screen",210.00,6.32,7.14,34.36,46.7225,42.4900,0.0000,,39.99,35.99,40.99,,,,,
TAB-SRN-120,"Samsung Galaxy Tab 2 10.1 P5113 Touch Screen Digitizer - White",45.00,6.50,1.72,7.19,14.9940,12.0900,0.0000,12.99,14.99,12.99,,,,,,
TAB-SRN-126,"Samsung Galaxy Tab 2 7.0 P3113 Student Edition Digitizer - White",45.00,6.43,6.79,8.05,14.5350,11.7900,0.0000,,,11.50,,,,,,
TAB-SRN-138,"Samsung Galaxy Tab Plus P6210 P6200 Touch Screen Digitizer",60.00,6.30,10.58,11.20,17.3600,15.3900,0.0000,,,3.99,,,,,,
TAB-SRN-150,"Samsung Galaxy Tab SGH-T849 P1000 Touch Screen Digitizer",45.00,6.32,8.46,8.46,14.3820,11.5900,0.0000,,12.99,,,,,,,
SRN-SAM-156,"Samsung Sidekick T839 Touch Screen Digitizer",0.00,0.00,0.00,0.00,9.9500,9.8900,0.0000,,,0.99,,,,,,
TAB-SRN-024,"Sony Tablet S SGPT111US/S  Touch Screen Digitizer",50.00,6.28,1.19,8.15,13.8550,11.1900,0.0000,,,3.99,,,,,,
TAB-SRN-066,"Samsung Galaxy Note 10.1 Tablet LCD Screen",360.00,6.12,11.00,60.62,81.8370,74.5900,0.0000,,32.99,,,,,,,
TAB-SRN-078,"Motorola Xoom 10.1 ZX600 Touch Screen Digitizer - Black",0.00,0.00,0.00,0.00,99.9500,59.3900,0.0000,,14.99,,,,,,,
TAB-SRN-084,"Samsung Galaxy Note N8000 10.1 Touch Screen Digitizer - White",0.00,0.00,0.00,0.00,59.9500,19.7900,0.0000,,,12.99,,,,,,
APL-003-0594,"Pentalobe Star Screws for iPhone 5 Black",1.00,6.70,2.17,0.47,1.6100,0.9900,0.0000,3.99,2.99,0.40,,,,,,
APL-003-0600,"Pentalobe Star Screws for iPhone 5 Silver",1.00,6.88,4.11,0.74,1.6100,0.9900,0.0000,,,0.40,,,,,,
APL-003-0606,"Complete Screw Set for iPhone 5",3.00,6.85,0.69,0.54,1.9500,1.6900,0.0000,1.49,4.99,1.99,1.99,,,,,
APL-003-0625,"Home Button Metal Bracket for iPhone 5/5c",1.00,6.85,3.03,0.59,1.1900,0.7900,0.0000,1.49,1.99,0.60,0.99,,,,,
APL-003-0626,"Home Button Rubber Gasket for iPhone 5",1.00,6.50,1.72,0.42,1.4000,1.1900,0.0000,,1.49,0.80,1.99,,,,,
SRN-LGM-126,"LG Nexus 4 E960 LCD + Digitizer Touch Screen Assembly",185.00,6.82,7.55,28.23,39.5200,36.7000,0.0000,37.50,44.99,,,,,,,
FLX-LGM-120,"LG Optimus 3D P920 Thrill P925 Microphone Navigator Flex Cable",0.00,0.00,0.00,0.00,10.9500,8.2900,0.0000,,,0.99,,,,,,
APL-003-0912,"Home Button for iPad 2 3 4 Black",3.00,6.88,0.15,0.46,1.3000,1.0900,0.0000,,,0.99,1.99,,,,,
APL-003-0906,"Home Button for iPad 2 3 4 White",3.00,6.88,0.15,0.46,1.7500,1.0900,0.0000,,,,0.49,,,,,
APL-001-0504,"LCD Screen for iPad 3 4",140.00,6.82,6.04,21.41,30.4600,28.2900,0.0000,26.65,29.99,25.98,28.99,,,,,
APL-003-1032,"Long GPS Antenna Flex Cable for iPad 3 3G",8.00,6.85,3.03,1.61,3.4800,2.6900,0.0000,2.29,,0.00,,,,,,
APL-003-1044,"Microphone Flex Cable for iPad 2 (Revision EMC 2560)",0.00,0.00,0.00,0.00,5.9500,2.9900,0.0000,,,,1.99,,,,,
APL-003-1056,"Sim Card Flex Cable for iPad 3",0.00,0.00,0.00,0.00,6.9500,2.5900,0.0000,,,0.00,,,,,,
APL-003-1068,"Home Button for iPad 3 White",0.00,0.00,0.00,0.00,2.9500,0.9900,0.0000,,,,0.49,,,,,
APL-003-1074,"Home Button for iPad 3 Black",0.00,0.00,0.00,0.00,2.9500,0.9900,0.0000,,,0.99,1.99,,,,,
APL-003-1110,"Home Button for iPad Mini & iPad Mini 2 Black",3.00,6.70,1.86,0.73,1.5250,1.2900,0.0000,,,0.00,0.99,,,,,
APL-003-1116,"Home Button for iPad Mini & iPad Mini 2 White",3.00,6.13,2.07,0.83,2.0750,1.7900,0.0000,,,0.99,1.49,,,,,
APL-003-1128,"Charging Port Flex Cable for iPad 4",9.00,6.88,4.11,1.91,3.3600,2.5900,0.0000,1.99,7.99,1.99,2.99,,,,,
APL-003-1134,"Microphone Flex Cable for iPad 4",8.00,6.50,1.78,1.50,4.1400,3.3900,0.0000,,6.99,,0.00,,,,,
APL-003-1140,"Power Volume Vibrator Switch Flex Cable for iPad 4",10.00,6.82,2.24,1.79,5.3100,3.8900,0.0000,5.99,7.99,,2.99,,,,,
APL-003-1152,"LCD Power Switch Key Connection Board (3G Version) for iPad 2",60.00,6.82,4.64,9.48,16.3710,13.1900,0.0000,11.95,12.99,5.50,,,,,,
FLX-LGM-146,"LG Optimus Black P970 Charging Port Flex Cable",0.00,0.00,0.00,0.00,5.9500,3.1900,0.0000,,,0.99,,,,,,
FLX-SAM-426,"Galaxy S3 i747 T999 Sim Card SD Memory Card Flex Cable",10.00,6.60,1.44,1.73,4.0480,3.2900,0.0000,3.49,,,,,,,,
FLX-SAM-432,"Samsung Galaxy S2 i9100 Loudspeaker Buzzer with Antenna",0.00,0.00,0.00,0.00,7.9500,5.3900,0.0000,,,1.99,,,,,,
FLX-SAM-450,"Samsung Galaxy Nexus i9250 Loudspeaker Buzzer",0.00,0.00,0.00,0.00,5.9500,3.8900,0.0000,,,3.99,,,,,,
SRN-SAM-168,"Samsung Galaxy Note 2 Replacement Front Glass - Gray",18.00,6.60,2.48,3.10,6.5700,4.8900,0.0000,4.00,7.99,2.99,3.49,,,,,
SRN-SAM-174,"Samsung Galaxy Note 2 Replacement Front Glass - White",15.00,6.88,0.15,2.20,3.9330,3.1900,0.0000,3.00,7.99,,2.99,,,,,
FLX-SAM-456,"Samsung Galaxy Note 2 N7100 Charging Port Flex Cable",15.00,6.50,1.36,2.52,5.6250,4.1900,0.0000,,7.99,3.50,4.49,,,,,
FLX-SAM-468,"Galaxy Note 2 N7100 i317 i605 L900 T889 Loudspeaker - White",15.00,6.50,2.30,2.66,5.9900,4.3900,0.0000,,,1.48,2.49,,,,,
FLX-SAM-486,"Samsung Galaxy Note i717 Loudspeaker Buzzer",12.00,6.12,0.82,2.09,4.7025,3.4900,0.0000,,,1.50,,,,,,
FLX-SAM-498,"Samsung Galaxy S2 i727 Keypad Flex Cable",10.00,6.85,1.96,1.75,4.2090,3.3900,0.0000,,,2.50,,,,,,
FLX-SAM-504,"Samsung Galaxy S2 i727 Sim Card Memory SD Card Flex Cable",10.00,6.85,1.23,1.64,4.3240,3.4900,0.0000,,,0.99,,,,,,
FLX-SAM-516,"Samsung Galaxy S2 D710 Keypad Flex Cable",14.00,6.13,0.70,2.40,5.4000,3.9900,0.0000,,,1.50,,,,,,
FLX-SAM-522,"Samsung Galaxy S2 T989 Loudspeaker Buzzer",10.00,6.13,0.70,1.75,4.0250,3.2900,0.0000,,,1.99,,,,,,
FLX-SAM-528,"Samsung Galaxy S2 T989 Sim Card Memory SD Card Flex Cable",15.00,6.50,2.17,2.64,5.7600,4.2900,0.0000,,,1.50,,,,,,
SRN-SAM-186,"Samsung Galaxy S3 Glass - Pebble Blue",15.00,6.88,0.15,2.20,3.9500,3.9900,0.0000,3.00,7.99,,,,,,,
SRN-SAM-192,"Samsung Galaxy S3 Glass - White",7.00,6.89,2.32,1.35,4.2300,3.4900,0.0000,3.00,7.99,1.50,4.49,,,,,
SRN-SAM-198,"Samsung Galaxy S3 Glass - Red",0.00,0.00,0.00,0.00,4.9500,3.9900,0.0000,,,1.50,1.49,,,,,
FLX-SAM-540,"Samsung Galaxy S3 T999 i747 i535 L710 Keypad Flex Cable",5.00,6.32,4.19,1.45,3.4800,2.6900,0.0000,1.89,,,0.99,,,,,
SRN-SAM-204,"Galaxy S3 T999 i747 i535 L710 LCD + Touch Screen Digitizer - Red",370.00,6.70,7.05,56.28,75.9800,69.2900,0.0000,,,67.50,,,,,,
SRN-SAM-210,"Galaxy S3 T999 i747 i535 L710 LCD + Touch Screen Digitizer - Black",330.00,6.85,7.64,49.29,70.1200,63.8900,0.0000,,,0.00,64.99,,,,,
FLX-SAM-546,"Samsung Galaxy S 4G T959V Audio Headphone Jack Flex Cable",0.00,0.00,0.00,0.00,4.9500,2.9900,0.0000,,,0.99,,,,,,
FLX-SAM-558,"Samsung Galaxy Tab 2 10.1&quot; P5100 P5113 Audio Headphone Jack Flex Cable",12.00,6.14,2.16,2.31,5.1975,3.8900,0.0000,3.99,,,,,,,,
FLX-SAM-564,"Samsung Galaxy Tab 2 10.1&quot; P5100 P5113 LCD Screen Flex Cable",10.00,6.85,2.17,1.78,4.0900,3.2900,0.0000,3.10,7.99,,,,,,,
FLX-SAM-594,"Samsung Galaxy Note i717 Sim Card Memory SD Card Flex Cable",18.00,6.50,2.30,3.12,6.5500,5.1900,0.0000,,,1.50,,,,,,
FLX-SAM-600,"Samsung Galaxy Note 2 N7100 i317 T889 i605 Headphone Jack Earpiece Flex Cable",8.00,6.85,3.59,1.69,3.5800,2.7900,0.0000,,,1.50,2.99,,,,,
FLX-SAM-612,"Samsung Sidekick 4G T839 Motherboard Slide Flex Cable",0.00,0.00,0.00,0.00,13.9500,11.9900,0.0000,,,2.50,,,,,,
FLX-SAM-618,"Samsung Stratosphere i405 Keypad Flex Cable",0.00,0.00,0.00,0.00,6.9500,4.0900,0.0000,,,0.99,,,,,,
BTY-COV-006,"Samsung Galaxy S3 i535 Back Battery Door Cover - White",0.00,0.00,0.00,0.00,6.9500,2.8900,0.0000,,6.99,,1.99,,,,,
BTY-COV-018,"Samsung Galaxy S3 L710 Back Battery Door Cover - White",7.00,6.85,3.03,1.46,3.2160,2.4900,0.0000,,6.99,,1.99,,,,,
SRN-SAM-043,"Galaxy Note 2 i605 L900 LCD + Digitizer Touch Screen - Gray - New",470.00,6.82,7.93,70.08,115.3400,84.9900,0.0000,84.99,107.99,0.00,93.99,,,,,
SRN-SAM-044,"Galaxy Note 2 i605 L900 LCD + Digitizer Touch Screen  - Marble White - New",460.00,6.85,12.50,68.98,91.4100,84.9900,0.0000,84.99,104.99,0.00,69.99,,,,,
BTY-COV-042,"Samsung Galaxy S2 i727 Back Battery Door Cover - Black",10.00,6.85,3.03,1.90,4.3240,3.4900,0.0000,,,1.99,,,,,,
BTY-COV-060,"Samsung Stratosphere i405 Back Battery Door Cover - Black",0.00,0.00,0.00,0.00,4.9500,2.9900,0.0000,,,2.50,,,,,,
FLX-SAM-474,"Samsung Galaxy Note 2 N7100 i605 i317 T889 L900Loudspeaker Buzzer Ringer Module - Gray",12.00,6.50,3.82,2.43,4.8150,3.5900,0.0000,,,1.48,2.99,,,,,
FLX-SAM-667,"Samsung Galaxy Note 2 N7100 N7105 i337 M919 i545 L720 Camera Flex Cable",18.00,6.12,1.21,3.14,6.5940,5.1900,0.0000,2.75,,,0.99,,,,,
APL-001-0415,"Front Screen Glass for iPhone 5/5C/5S White",6.00,6.50,1.06,1.09,3.3120,2.5900,0.0000,2.50,7.99,1.50,1.49,,,,,
APL-001-0418,"Front Screen Glass  for iPhone 5/5C/5S Black",6.00,6.85,1.23,1.06,3.3120,2.5900,0.0000,2.50,7.99,1.50,2.99,,,,,
FLX-SAM-631,"Samsung Exhibit 2 T679 Loudspeaker Buzzer",0.00,0.00,0.00,0.00,5.9500,3.8900,0.0000,,,0.99,,,,,,
FLX-SAM-637,"Samsung Exhilarate i557 Earpiece Proxmity Flex Cable",0.00,0.00,0.00,0.00,8.9500,6.9900,0.0000,,,0.99,,,,,,
FLX-SAM-640,"Samsung Galaxy Note 2 N7100 N7105 i317 T889 i605 L900 Home Button - Gray",3.50,6.85,2.16,0.83,2.5000,2.1900,0.0000,,2.99,,1.49,,,,,
FLX-SAM-641,"Samsung Galaxy Note 2 N7100 N7105 i317 T889 i605 L900 Home Button - White",2.00,6.85,2.16,0.61,1.3000,0.7900,0.0000,2.99,2.99,0.80,0.99,,,,,
FLX-SAM-651,"Samsung Galaxy Tab 2  10.1 P5113 P5100 Charging Port Flex Cable",15.00,6.85,2.17,2.51,5.6250,4.1900,0.0000,3.49,,,3.99,,,,,
FLX-SAM-652,"Samsung Galaxy W i8150 Loudspeaker Buzzer",0.00,0.00,0.00,0.00,7.9500,5.3900,0.0000,,,0.99,,,,,,
FLX-SAM-654,"Samsung Galaxy S Captivate i897 Loudspeaker Buzzer",0.00,0.00,0.00,0.00,4.9500,2.9900,0.0000,,,0.80,,,,,,
FLX-SAM-657,"Samsung Galaxy Note Tablet N8000 Sim Card Flex Cable",0.00,0.00,0.00,0.00,5.9500,3.8900,0.0000,,,2.99,,,,,,
FLX-SAM-658,"Samsung Galaxy Tab 10.1 P7500 Loudspeaker Buzzer",0.00,0.00,0.00,0.00,4.9500,2.9900,0.0000,,,0.90,,,,,,
FLX-SAM-664,"Samsung Galaxy Tab SGH-i957 P7300 P7310 P7320 Loudspeaker Buzzer",0.00,0.00,0.00,0.00,7.9500,5.3900,0.0000,,,0.99,,,,,,
FLX-SAM-681,"Samsung Galaxy Note 2 L900 Charging Port Flex Cable",48.00,6.82,2.24,7.37,12.5300,10.1000,0.0000,4.99,,3.99,2.99,,,,,
FLX-SAM-665,"Samsung Epic 2 D710 Earpiece Speaker Earpiece Speaker",0.00,0.00,0.00,0.00,3.9500,1.9900,0.0000,,,0.99,,,,,,
FLX-LGM-128,"LG P970 Optimus Black Light Sensor Microphone Flex Cable",0.00,0.00,0.00,0.00,6.9500,4.1900,0.0000,,,0.99,,,,,,
APL-003-0204,"Charging Port Flex Cable Ribbon for ATT iPhone 4 Black",8.00,6.88,0.15,1.18,3.9790,3.2900,0.0000,2.99,7.99,,3.99,,,,,
APL-003-0206,"Charging Port Flex Cable Ribbon for ATT iPhone 4 White",9.00,6.28,3.22,1.95,4.4850,3.6900,0.0000,2.99,,,4.99,,,,,
FLX-SAM-693,"Samsung Galaxy S3 i9300 T999 i747 i535 L710 Loudspeaker Flex Cable - Black",0.00,0.00,0.00,0.00,7.9500,5.1900,0.0000,4.25,,,,,,,,
SRN-SAM-224,"Galaxy S4 i9500 i9505 i337 i545 L720 M919 R970 LCD + Touch Screen Digitizer  - Black Mist",340.00,6.88,1.59,49.65,83.9700,67.9900,0.0000,69.99,84.99,67.99,77.99,,,,,
SRN-SAM-230,"Galaxy S4 i9500 i9505 i337 i545 L720 M919 R970 LCD + Touch Screen Digitizer  - White",340.00,6.88,1.59,49.65,83.9700,67.9900,0.0000,69.99,79.99,67.99,77.99,,,,,
SRN-MOT-144,"Motorola Atrix HD MB886 Screen Digitizer",45.00,6.13,0.00,7.34,14.1100,11.3900,0.0000,,0.00,,,,,,,
FLX-UCP-006,"Blackberry 8800 8820 8830 8810 USB Charging Port",0.00,0.00,0.00,0.00,2.9500,2.9900,0.0000,,,0.40,,,,,,
FLX-UCP-042,"Motorola Atrix 4G MB860 USB Charging Port",0.00,0.00,0.00,0.00,2.9500,2.9900,0.0000,,,0.50,1.99,,,,,
FLX-UCP-048,"HTC Thunderbolt Evo 3D Nexus One Desire USB Charging Port",0.00,0.00,0.00,0.00,2.9500,2.9900,0.0000,,,,0.99,,,,,
FLX-UCP-066,"HTC T-Mobile G2/Evo 4G USB Charging Port",0.00,0.00,0.00,0.00,2.9500,2.9900,0.0000,,,,0.99,,,,,
FLX-UCP-072,"HTC Evo Shift 4G USB Charging Port",0.00,0.00,0.00,0.00,2.9500,2.9900,0.0000,,,,0.99,,,,,
FLX-SAM-700,"Samsung Galaxy S3 i9300 T999 i747 i535 L710 Loudspeaker Flex Cable - Red",0.00,0.00,0.00,0.00,9.9500,7.3900,0.0000,,,1.99,,,,,,
APL-003-0191,"Charging Port Flex Cable for iPhone 3GS",0.00,0.00,0.00,0.00,4.9500,0.9900,0.0000,,,0.99,,,,,,
FLX-HTC-428,"HTC Wildfire S Keypad Touch Sensor Flex Cable",0.00,0.00,0.00,0.00,3.9500,1.9900,0.0000,,,0.80,,,,,,
FLX-UCP-106,"HTC Mytouch 4G Charging Port",0.00,0.00,0.00,0.00,2.9500,0.9900,0.0000,,,,0.49,,,,,
BTY-HTC-030,"HTC Evo 4G BB96100 / RHOD160 Replacement Battery ",0.00,0.00,0.00,0.00,10.9500,,0.0000,,,1.99,0.49,,,,,
SRN-SAM-242,"Galaxy S3 T999 i747 LCD + Touch Screen Digitizer with Frame - Blue",38.00,1.00,0.00,38.00,78.3900,59.9900,0.0000,65.00,72.99,,65.99,,,,,
SRN-SAM-246,"Galaxy S4 i9500 i9505 i337 M919 i545 L720 R970 Replacement Glass  - White",6.00,6.85,3.85,1.44,2.9760,2.2900,0.0000,3.00,7.99,1.99,3.49,,,,,
FLX-HTC-450,"HTC Raider USB Charging Port Connector Flex Cable",0.00,0.00,0.00,0.00,5.9500,3.8900,0.0000,,,0.99,,,,,,
FLX-LGM-156,"LG P920 Optimus 3D P925 Thrill Proximity Sensor Ear Piece Speaker Flex Cable",0.00,0.00,0.00,0.00,7.9500,5.1900,0.0000,,,1.50,,,,,,
APL-003-1004,"Charging Port Flex Cable Assembly for iPad Mini Black",10.00,6.85,3.80,2.01,4.5200,3.3200,0.0000,4.85,7.99,1.20,2.99,,,,,
APL-003-1156,"Wifi Antenna Ribbon Flex Cable for iPhone 5",3.00,6.50,1.36,0.67,1.5750,0.9900,0.0000,2.23,4.99,0.99,0.99,,,,,
APL-003-1160,"Earpiece Audio Speaker for iPhone 5",2.00,6.89,3.15,0.75,1.5000,1.2900,0.0000,0.99,2.99,0.50,0.99,,,,,
FLX-HTC-440,"HTC Thunderbolt Keypad Light Flex Cable",0.00,0.00,0.00,0.00,3.9500,1.4900,0.0000,,,,0.99,,,,,
APL-002-0831,"Touch Screen Digitizer Mid-Frame Bezel for iPad 2 3 4 Yellow",8.00,6.12,3.63,1.90,4.3700,3.5900,0.0000,,,0.60,1.99,,,,,
SRN-MOT-150,"Motorola Admiral Screen Digitizer",0.00,0.00,0.00,0.00,20.9500,9.8900,0.0000,,11.99,,,,,,,
FLX-SAM-702,"Samsung Galaxy S4 i9500 i9505 Loudspeaker Buzzer - White - International",0.00,0.00,0.00,0.00,14.9500,12.9900,0.0000,,,,1.49,,,,,
FLX-SAM-703,"Samsung Galaxy S4 i9500 i9505 i337 M919 Earpiece Speaker Proximity Sensor Flex Cable",0.00,0.00,0.00,0.00,3.9500,,0.0000,2.19,6.49,1.50,1.49,,,,,
FLX-SAM-704,"Samsung Galaxy S3 i9300 T999 i747 i535 L710  Home Button - White",0.00,0.00,0.00,0.00,2.9500,0.8900,0.0000,1.99,,0.60,0.99,,,,,
FLX-LGM-160,"LG Galaxy Nexus 4 E960 Charging Port Flex Cable",18.00,6.32,0.83,2.98,6.7050,4.9900,0.0000,4.50,9.99,,,,,,,
FLX-SAM-705,"Samsung Galaxy Note 2 i317 T889 N7105 Sim Card Memory SD Card Flex Cable Rev 0.8",15.00,6.50,1.36,2.52,5.7200,4.1900,0.0000,,,,2.49,,,,,
FLX-SAM-706,"Samsung Galaxy Note N7000 i9220 Loudspeaker Buzzer - Black",0.00,0.00,0.00,0.00,11.9500,9.9900,0.0000,,,0.60,,,,,,
FLX-SAM-707,"Samsung Galaxy S4 i9500 USB Charging Port Microphone Flex Cable",18.00,6.89,2.21,2.93,6.2300,4.5700,0.0000,,,,3.99,,,,,
FLX-SAM-708,"Samsung Tablet P1000 P1010 T849 i987 Power Volume Flex Cable",0.00,0.00,0.00,0.00,11.9500,9.9900,0.0000,,,0.80,,,,,,
FLX-SAM-710,"Samsung Galaxy S4 i9500 i9505 i337 M919 i545 L720 Headphone Audio Jack Flex Cable",0.00,0.00,0.00,0.00,10.9500,8.9900,0.0000,5.99,6.99,,0.99,,,,,
FLX-SAM-713,"Samsung Galaxy Tab SGH-T849 i987 P1000 Keypad Button Flex Cable REV 0.5",0.00,0.00,0.00,0.00,14.9500,12.9900,0.0000,,,1.50,,,,,,
FLX-LGM-166,"LG Optimus 4X HD P880 Audio Headphone Jack Flex Cable REV 1.1",0.00,0.00,0.00,0.00,8.9500,6.3900,0.0000,,,0.99,,,,,,
FLX-SAM-716,"Samsung Galaxy S4 i9500 i9505 i337 M919 i545 L720 Home Button - Black Mist",2.00,6.43,1.47,0.54,1.3500,1.1900,0.0000,3.10,2.99,0.60,0.99,,,,,
FLX-SAM-717,"Samsung Galaxy S3 i9300 T999 i747 i535 L710 Home Button - Red",0.00,0.00,0.00,0.00,2.9500,0.9900,0.0000,,,0.60,,,,,,
FLX-SAM-720,"Samsung Galaxy S3 i9300 T999 i747 i535 L710  Home Button - Black",3.00,6.50,1.72,0.73,1.8500,1.5900,0.0000,,,0.60,0.99,,,,,
FLX-SAM-722,"Samsung Galaxy S3 i9300 T999 i747 i535 L710  Home Button - Blue",0.00,0.00,0.00,0.00,2.9500,0.8900,0.0000,1.99,,0.60,0.99,,,,,
FLX-SAM-724,"Samsung Galaxy Note 10.1 Tablet N8000 Charging Port Flex Cable REV 0.5",15.00,6.50,3.05,2.78,6.0525,4.4900,0.0000,,,3.99,,,,,,
FLX-SAM-725,"Samsung Galaxy Note 10.1 Tablet N8000 LCD Flex Cable",9.00,6.12,1.92,1.78,4.0940,3.2900,0.0000,,,2.99,,,,,,
FLX-SAM-726,"Samsung Galaxy S4 i337 M919 Menu Keypad Buttons Flex Cable",9.00,6.50,1.36,1.59,3.6600,2.9900,0.0000,2.99,7.99,,2.99,,,,,
FLX-SAM-727,"Samsung Galaxy S3 i9300 T999 i747 i535 L710 Power Volume - Red",5.00,6.43,2.22,1.12,2.6900,2.0900,0.0000,,,0.60,,,,,,
FLX-SAM-729,"Samsung Galaxy S4 i9500 i545 i337 Sim Card Memory SD Card Flex Cable REV 1.3",8.00,6.85,1.44,1.38,3.3600,2.5900,0.0000,3.49,4.99,1.99,2.99,,,,,
FLX-SAM-730,"Samsung Galaxy S4 i9500 i9505 i337 i545 L720 M919 R970 Left Coax Cable",0.00,0.00,0.00,0.00,4.9500,2.9900,0.0000,,0.00,0.99,1.99,,,,,
FLX-LGM-170,"LG Optimus 4X HD P880 Charging Port Mic Microphone Flex Cable REV 1.1",0.00,0.00,0.00,0.00,3.9500,1.1900,0.0000,,,0.99,,,,,,
FLX-SAM-731,"Samsung Galaxy Note i9220 N7000 Headphone Ear Peice Audio Jack Speaker Flex Cable",0.00,0.00,0.00,0.00,11.9500,9.9900,0.0000,,,0.99,,,,,,
FLX-SAM-733,"Samsung Galaxy S4 i9500 i9505 i337 i537 i545 L720 M919 R970 Front Camera",5.00,6.32,0.50,0.87,2.1750,1.8900,0.0000,2.99,7.99,0.99,1.49,,,,,
FLX-SAM-736,"Samsung Galaxy S4 i9500 i9505 i337 M919 Sim Card Memory SD Card Flex Cable REV 1.3 / 0.5",5.00,6.85,2.24,1.06,2.5400,1.9600,0.0000,3.49,4.99,1.99,2.99,,,,,
FLX-SAM-738,"Samsung Galaxy S4 i337 M919 L720T Loudspeaker Buzzer - White",8.00,6.82,2.24,1.50,3.6000,2.7800,0.0000,2.99,7.99,,1.49,,,,,
FLX-SAM-739,"Samsung Galaxy Note 10.1 Tablet N8000 Headphone Audio Jack Flex Cable REV 0.3A",0.00,0.00,0.00,0.00,5.9500,3.5900,0.0000,,,2.50,,,,,,
FLX-SAM-740,"Samsung Galaxy S3 i9300 T999 i747 i535 L710  Power Volume - White",0.00,0.00,0.00,0.00,2.9500,0.9900,0.0000,,,0.50,,,,,,
FLX-SAM-744,"Samsung Galaxy Note i9220 N7000 Vibrator Module Flex Cable",0.00,0.00,0.00,0.00,5.9500,3.1900,0.0000,,,0.60,,,,,,
TAB-SRN-158,"Samsung Galaxy Note N8000 10.1 Touch Screen Digitizer - White",0.00,0.00,0.00,0.00,13.9500,17.7900,0.0000,,,12.99,,,,,,
SRN-SAM-252,"Samsung Galaxy S3 Glass - Pink",0.00,0.00,0.00,0.00,5.9500,3.9900,0.0000,,,,1.49,,,,,
SRN-MOT-152,"Motorola Atrix HD MB886 LCD Screen",60.00,6.13,3.68,10.39,16.6240,14.3900,0.0000,13.99,,,,,,,,
SRN-SAM-256,"Galaxy S4 i9505 i337 M919 LCD + Touch Screen Digitizer with Frame - Black Mist",410.00,6.82,8.23,61.32,72.9900,72.9900,0.0000,70.00,87.99,74.50,84.99,,,,,
BTY-HTC-092,"HTC Wildfire S BD29100 Battery",0.00,0.00,0.00,0.00,11.9500,2.9900,0.0000,,,,1.49,,,,,
APL-003-1224,"Home Button Ribbon Flex Cable for iPhone 5",1.50,6.88,1.13,0.38,1.6800,1.0900,0.0000,0.49,2.99,0.45,0.99,,,,,
SRN-SAM-258,"Galaxy S4 i545 L720 R970 LCD + Touch Screen Digitizer with Frame  - Black Mist",380.00,6.89,8.13,56.33,72.9900,72.9900,0.0000,70.00,79.99,76.50,84.99,,,,,
BTY-COV-112,"Samsung Galaxy S3 i535 R530 Midframe Bezel -  Blue",0.00,0.00,0.00,0.00,8.9500,6.9900,0.0000,5.00,,,2.49,,,,,
BTY-COV-114,"Samsung Galaxy S3 i747 T999 Midframe Bezel -  Blue",15.00,6.12,1.84,2.75,6.1875,4.5900,0.0000,5.00,,,2.49,,,,,
BTY-COV-116,"Samsung Galaxy S3 L710 Midframe Bezel -  Blue",0.00,0.00,0.00,0.00,7.9500,4.9900,0.0000,5.00,,2.99,1.49,,,,,
FLX-LGM-176,"LG Galaxy Nexus 4 E960 Loudspeaker Module",10.00,6.12,1.92,1.95,4.4850,3.6900,0.0000,4.00,7.99,,,,,,,
FLX-LGM-180,"LG Galaxy Nexus 4 E960 Front Camera",12.00,6.12,1.92,2.27,5.1075,3.7900,0.0000,3.08,,,,,,,,
FLX-LGM-182,"LG Galaxy Nexus 4 E960 Back Camera",0.00,0.00,0.00,0.00,9.9500,7.5900,0.0000,3.70,,,,,,,,
FLX-SAM-746,"Samsung Galaxy Note 2 I317 T889 Charging Port Flex Cable Rev 0.7 1.0",15.00,6.85,2.17,2.51,5.6500,4.1400,0.0000,4.99,7.99,3.50,6.99,,,,,
BTY-COV-124,"Samsung Galaxy S2 T989 Midframe Bezel - Black",20.00,6.50,3.35,3.59,7.9200,6.6900,0.0000,,,1.99,,,,,,
FLX-SAM-748,"Samsung Galaxy S2 Skyrocket i727 Charging Port Flex Cable Rev 4.5",0.00,0.00,0.00,0.00,14.9500,12.9900,0.0000,,,3.00,,,,,,
FLX-SAM-750,"Samsung Galaxy S4 i9500 i9505 i337 i545 L720 M919 R970 Vibrator Module",0.00,0.00,0.00,0.00,2.9500,,0.0000,3.49,,2.50,,,,,,
FLX-SAM-752,"Samsung Galaxy S Blaze T769 Audio Headphone Jack Earpiece Speaker Flex Cable",0.00,0.00,0.00,0.00,10.9500,8.9900,0.0000,,,0.99,,,,,,
APL-003-1226,"LCD Screen and Touch Screen Tester Flex Cable for iPod Touch 4",11.00,6.31,1.08,1.91,4.3930,3.5900,0.0000,,,,1.49,,,,,
APL-003-1228,"LCD and Touch Screen Tester Flex Cable for iPhone 5",15.00,6.43,2.53,2.73,6.1400,4.5900,0.0000,,,,2.49,,,,,
FLX-SAM-754,"Samsung Galaxy S3 LCD Screen + Touch Screen Tester Flex Cable",10.00,6.85,2.17,1.78,4.0900,3.2900,0.0000,4.49,,,1.99,,,,,
SRN-HTC-550,"HTC One M7 LCD + Touch Screen Digitizer",130.00,6.50,0.00,20.00,30.7200,28.5900,0.0000,,,14.99,,,,,,
TAB-SRN-162,"Samsung Galaxy Note 8.0 N5100 Digitizer Touch Screen - White",55.00,6.43,8.21,9.83,16.7100,13.4900,0.0000,,,14.50,,,,,,
APL-001-0718,"LCD and Touch Screen Digitizer for iPod Touch 5 White",275.00,6.85,2.17,40.46,55.6300,50.5800,0.0000,46.00,54.99,46.98,55.99,,,,,
APL-003-1232,"Charging Dock Flex Cable for iPhone 4S White",9.00,6.85,1.23,1.49,3.9790,3.2900,0.0000,2.99,7.99,2.00,3.99,,,,,
APL-003-1234,"Charging Port Flex Cable Ribbon for Verizon/Sprint iPhone 4 White",9.00,6.32,0.00,1.42,4.0000,3.2900,0.0000,2.99,7.99,,4.99,,,,,
BTY-COV-126,"Samsung Galaxy Note 2 i317 T889 Rear Housing - Gray",20.00,6.50,6.48,4.07,8.7590,7.3900,0.0000,,,,7.99,,,,,
BTY-COV-128,"Samsung Galaxy Note 2 i317 T889 Rear Housing - White",20.00,6.50,9.46,4.53,8.1100,6.3900,0.0000,,,5.50,,,,,,
BTY-COV-138,"Samsung Galaxy Note 2 i605 Verizon Battery Door - Gray",10.00,6.32,8.70,2.96,6.6600,4.8900,0.0000,,,,2.49,,,,,
BTY-COV-144,"Samsung Galaxy S4 i9500/i9505 Battery Door - White - No Carrier Logo",7.00,6.70,3.35,1.54,3.6110,2.9900,0.0000,,,,1.99,,,,,
BTY-COV-152,"Samsung Galaxy S4 i545 Verizon Battery Door - White",7.00,6.89,2.32,1.35,4.3200,3.4900,0.0000,,,,1.99,,,,,
BTY-COV-148,"Samsung Galaxy S4 M919 T-Mobile Battery Door - White",9.00,6.13,1.76,1.76,4.0480,3.2900,0.0000,,,,1.99,,,,,
APL-003-0188,"Headphone Audio Flex Ribbon Cable Jack for iPhone 3G 3GS White",0.00,0.00,0.00,0.00,3.9500,2.5900,0.0000,,,,1.99,,,,,
FLX-UCP-112,"Nokia Lumia 800 Charging Port",0.00,0.00,0.00,0.00,2.9500,2.9900,0.0000,,,0.50,,,,,,
FLX-UCP-114,"Nokia Lumia 900 Charging Port",4.00,6.85,1.96,0.87,2.4300,2.0900,0.0000,,,0.50,,,,,,
FLX-UCP-116,"HTC Amaze Charging Port",4.00,6.43,2.25,0.97,2.4300,2.0900,0.0000,,,0.99,,,,,,
FLX-UCP-118,"HTC One V Charging Port",0.00,0.00,0.00,0.00,2.9500,2.9900,0.0000,,,,0.49,,,,,
FLX-UCP-122,"HTC One S Charging Port",0.00,0.00,0.00,0.00,2.9500,0.6900,0.0000,,,,0.49,,,,,
FLX-UCP-130,"Motorola Droid 4 XT894 Charging Port",0.00,0.00,0.00,0.00,2.9500,0.6900,0.0000,,,,0.49,,,,,
FLX-UCP-138,"Motorola Droid 3 XT862 XT907 XT926 XT926M Charging Port",4.00,6.43,2.25,0.97,2.4300,2.0900,0.0000,,,0.99,,,,,,
FLX-UCP-140,"Motorola Droid X2 MB870 Charging Port",0.00,0.00,0.00,0.00,2.9500,2.9900,0.0000,1.24,,,1.99,,,,,
FLX-UCP-150,"Huawei Ascend M860 Charging Port",0.00,0.00,0.00,0.00,2.9500,0.6900,0.0000,,,0.40,,,,,,
FLX-UCP-174,"Blackberry Z10 Replacement Charging Port",0.00,0.00,0.00,0.00,2.9500,2.9900,0.0000,,,0.99,,,,,,
FLX-SAM-756,"Samsung Galaxy S4 i337 M919 USB Charging Port Microphone Flex Cable ",15.00,6.88,1.59,2.41,5.9900,4.3900,0.0000,4.99,7.99,3.00,4.99,,,,,
BTY-COV-158,"Samsung Galaxy S2 Skyrocket i727 Rear Housing - Black",25.00,6.32,1.89,4.25,8.0750,6.8900,0.0000,,,2.50,,,,,,
FLX-NOK-006,"Nokia Lumia 720 Charging Port Flex Cable",0.00,0.00,0.00,0.00,13.9500,11.9900,0.0000,,,1.99,,,,,,
FLX-SAM-758,"Samsung Galaxy S4 L720 i545 USB Charging Port Microphone Flex Cable REV 0.7",8.00,6.85,0.69,1.27,3.0200,2.3900,0.0000,3.99,7.99,1.99,2.99,,,,,
APL-003-1242,"WIFI Bluetooth Antenna Flex Cable for iPhone 4S",2.00,6.82,0.90,0.43,1.5750,0.9900,0.0000,,4.99,,0.99,,,,,
APL-003-1244,"Left &amp; Right 3G Antenna Flex Cable for iPad 2",9.00,6.88,0.15,1.33,4.1400,2.3900,0.0000,,,1.50,3.99,,,,,
APL-003-1248,"Headphone Audio Jack Flex Cable for iPad Mini Black",8.00,6.85,3.80,1.72,3.9600,3.1800,0.0000,2.19,9.99,1.50,2.99,,,,,
SRN-SAM-308,"Galaxy S4 i9500 i9505 i337 M919 i545 L720 R970 Replacement Glass – Black",7.00,6.32,1.97,1.42,2.9760,2.2900,0.0000,3.00,,1.99,3.99,,,,,
SRN-NOK-062,"Nokia Lumia 920 Front Glass - Black",15.00,6.50,8.97,3.69,7.7500,6.0900,0.0000,,,1.99,,,,,,
APL-003-1250,"Home Button Key Flex Cable for iPad 4",5.00,6.88,0.15,0.75,2.0000,1.6900,0.0000,1.99,4.99,0.90,1.99,,,,,
FLX-HTC-282,"HTC One X Power On/Off Mic Flex Cable - International Model",0.00,0.00,0.00,0.00,5.9500,3.8900,0.0000,,,0.99,,,,,,
FLX-SAM-764,"Samsung Galaxy S2 Skyrocket i727 Charging Port Flex Cable Rev 4.6",8.00,6.12,2.59,1.73,3.9790,3.2900,0.0000,,,3.00,,,,,,
BTY-COV-160,"Samsung Galaxy S3 i535 Rear Housing Frame - White",0.00,0.00,0.00,0.00,4.9500,3.8900,0.0000,5.00,,,3.99,,,,,
APL-003-1256,"Top Bottom Glass Cover Replacement for iPhone 5S Purple",8.00,6.31,1.08,1.44,3.4560,2.6900,0.0000,,,,2.99,,,,,
APL-001-0728,"LCD and Touch Screen Digitizer Assembly for iPhone 5S (Economy Plus) - White",9.00,1.00,0.00,9.00,15.9900,13.4900,0.0000,13.50,24.99,13.80,14.99,,,,,
APL-001-0730,"LCD and Touch Screen Digitizer Assembly for iPhone 5S (Economy Plus) - Black",9.50,1.00,0.40,9.90,15.9900,13.4900,0.0000,13.50,24.99,13.80,14.99,,,,,
APL-001-0732,"LCD and Touch Screen Digitizer Assembly for iPhone 5C (Economy Plus) - Black",9.00,1.00,0.00,9.00,20.1500,13.4900,0.0000,13.50,19.99,13.80,14.99,,,,,
APL-003-1274,"Sim Card Tray for iPhone 5C Blue",2.00,6.70,1.86,0.58,1.3500,1.1900,0.0000,1.99,3.99,0.99,,,,,,
APL-003-1276,"Sim Card Tray for iPhone 5c Green",2.00,6.45,1.48,0.54,2.3500,1.9900,0.0000,1.99,3.99,,,,,,,
APL-003-1282,"Sim Card Tray for iPhone 5c White",2.00,6.70,2.15,0.62,1.5750,0.9900,0.0000,1.99,,0.99,,,,,,
APL-003-1284,"Power Button / Volume Button / Mute Button for iPhone 5c - Blue",4.00,6.32,0.83,0.76,1.9000,1.6900,0.0000,,,0.00,,,,,,
APL-003-1286,"Power Button / Volume Button / Mute Button for iPhone 5c - Green",0.00,0.00,0.00,0.00,3.9500,1.4900,0.0000,,,0.99,,,,,,
APL-003-1288,"Power Button / Volume Button / Mute Button for iPhone 5c – Hot Pink",0.00,0.00,0.00,0.00,3.9500,1.4900,0.0000,,,2.00,,,,,,
APL-003-1290,"Power Button / Volume Button / Mute Button for iPhone 5c – Yellow",0.00,0.00,0.00,0.00,3.9500,1.4900,0.0000,,,0.99,,,,,,
APL-003-1292,"Power Button / Volume Button / Mute Button for iPhone 5c – White",7.00,6.13,1.17,1.33,3.1920,2.4900,0.0000,2.99,,0.99,,,,,,
APL-003-1294,"Sim Card Tray for iPhone 5S SE Gold",2.00,6.88,0.15,0.31,1.7500,1.0500,0.0000,1.49,3.99,0.80,1.99,,,,,
APL-003-1296,"Sim Card Tray for iPhone 5S SE Silver",0.00,0.00,0.00,0.00,2.9500,0.9900,0.0000,1.49,3.99,0.80,1.99,,,,,
APL-003-1298,"Mute Volume Power Metal Buttons for iPhone 5S SE - Gold",0.00,0.00,0.00,0.00,3.9500,1.4900,0.0000,,4.99,,0.99,,,,,
APL-003-1300,"Mute Volume Power Metal Buttons for iPhone 5S SE - Silver",6.00,6.10,0.90,1.13,2.7120,2.0900,0.0000,1.99,4.99,,1.49,,,,,
APL-003-1302,"Home Button Flex Cable for iPhone 5S",4.00,6.82,1.80,0.85,2.1300,1.7900,0.0000,1.79,,1.95,2.99,,,,,
APL-003-1304,"Headphone Jack Charging Port Flex Cable for iPhone 5S Black",11.00,6.88,1.13,1.76,4.5100,3.6300,0.0000,3.29,7.99,2.00,3.99,,,,,
APL-003-1306,"Headphone Jack Charging Port Flex Cable for iPhone 5S White",11.00,6.88,1.13,1.76,4.6100,3.3900,0.0000,3.29,7.99,2.00,4.99,,,,,
APL-003-1310,"Front Camera  Proximity Sensor Flex Cable for iPhone 5S SE",18.00,6.88,1.13,2.78,6.5730,5.1600,0.0000,2.99,7.99,2.99,5.99,,,,,
APL-003-1312,"Rear Camera Flex Cable for iPhone 5S",23.00,6.88,4.11,3.94,9.3700,7.8900,0.0000,6.95,9.99,4.99,7.99,,,,,
APL-003-1314,"Charging Port and Headphone Jack Flex Assembly for iPhone 5c",12.00,6.88,1.13,1.91,4.9300,3.6100,0.0000,2.39,7.99,2.50,3.99,,,,,
APL-003-1316,"Home Button Flex Cable for iPhone 5c",1.50,6.89,3.15,0.67,1.3250,1.1900,0.0000,0.49,4.99,0.50,0.99,,,,,
APL-003-1318,"WiFi &amp; Bluetooth Antenna for iPhone 5c",4.00,6.85,1.44,0.79,2.0300,1.7900,0.0000,2.99,7.99,,1.99,,,,,
APL-003-1320,"Mute Volume Power Metal Buttons for iPhone 5S Gray",6.00,6.12,1.53,1.23,2.9520,2.2900,0.0000,1.99,,1.20,1.49,,,,,
APL-003-1322,"Sim Card Tray for iPhone 5S SE Gray",4.00,6.88,0.15,0.60,2.0000,1.6900,0.0000,1.49,3.99,1.20,1.99,,,,,
BTY-COV-162,"Samsung Galaxy S4 i9505 i337 M919 Midframe Bezel - Silver",18.00,6.85,8.00,3.80,6.6400,4.8900,0.0000,5.00,9.99,,,,,,,
BTY-COV-164,"Samsung Galaxy S4 i545 L720 R970 Midframe Bezel - Silver",18.00,6.50,1.79,3.04,8.0220,6.3900,0.0000,5.00,9.99,,3.49,,,,,
APL-003-1326,"Microphone Flex Cable for iPad 3 3G Version",7.00,6.12,3.64,1.74,4.0020,3.2900,0.0000,,,,0.00,,,,,
FLX-LGM-198,"LG Nitro HD P930 Headphone Jack Flex Cable",0.00,0.00,0.00,0.00,5.9500,3.4900,0.0000,,,0.99,,,,,,
FLX-SAM-786,"Samsung Galaxy Note 3 N900A Charging Port Flex Cable",25.00,6.85,2.17,3.97,8.3400,6.5500,0.0000,4.79,9.99,3.50,6.99,,,,,
FLX-SAM-788,"Samsung Galaxy Note 3 N900P Charging Port Flex Cable",20.00,6.89,2.21,3.22,8.0750,6.8900,0.0000,4.79,,4.50,6.99,,,,,
FLX-SAM-790,"Samsung Galaxy Note 3 N900T Charging Port Flex Cable",23.00,6.89,2.07,3.64,8.0370,6.7900,0.0000,4.79,11.99,5.00,7.99,,,,,
FLX-SAM-792,"Samsung Galaxy Note 3 N900R Charging Port Flex Cable",25.00,6.46,0.14,3.89,8.0600,6.7900,0.0000,6.49,,4.50,4.49,,,,,
FLX-SAM-794,"Samsung Galaxy Note 3 N900V Charging Port Flex Cable",25.00,6.85,2.17,3.97,8.1700,6.4900,0.0000,4.79,9.99,4.50,6.99,,,,,
SRN-SAM-374,"Samsung Galaxy S3 L710 LCD + Touch Screen Digitizer with Frame - White",38.00,1.00,0.00,38.00,70.2900,59.9900,0.0000,55.00,,,65.99,,,,,
SRN-BLB-004,"Blackberry Z10 LCD + Touch Screen Assembly with Frame Ear Speaker Flex Assembly - Black",45.00,6.85,4.91,7.29,14.0600,11.3900,0.0000,,,7.50,14.99,,,,,
BTY-COV-170,"Samsung Galaxy S4 i545 Rear Housing Frame - White",15.00,6.89,4.28,2.80,6.9100,5.4900,0.0000,,,2.50,4.99,,,,,
SRN-HUA-076,"Huawei Ideos U8150-B Touch Screen Digitizer - Black",0.00,0.00,0.00,0.00,11.9500,11.8900,0.0000,,,3.99,,,,,,
FLX-SAM-796,"Samsung Galaxy S4 LCD Touch Screen Tester Flex Cable",8.00,6.43,1.55,1.49,3.5800,2.7900,0.0000,4.49,,,1.99,,,,,
BTY-COV-172,"Samsung Galaxy Note 2 i605 Rear Housing - White",25.00,6.32,8.70,5.33,9.5900,8.2900,0.0000,,,4.99,8.99,,,,,
BTY-COV-176,"Samsung Galaxy S3 T999 Back Battery Door Cover - White",8.00,6.50,5.39,2.06,3.5880,2.8900,0.0000,,6.99,,1.99,,,,,
BTY-COV-178,"Samsung Galaxy S3 i747 Rear Housing Frame - White",15.00,6.13,4.14,3.12,6.5520,5.1900,0.0000,5.00,,1.50,1.49,,,,,
BTY-COV-180,"Samsung Galaxy S3 i747 Back Battery Door Cover - White",8.00,6.50,5.39,2.06,4.3010,3.4900,0.0000,,6.99,,1.99,,,,,
BTY-COV-182,"Samsung Galaxy Note 2 i605 Rear Housing - Gray",25.00,6.32,8.70,5.33,9.5900,8.2900,0.0000,,,,3.99,,,,,
FLX-SAM-808,"Samsung Galaxy S4 Active i9295 i537 Micro SD Sim Card Tray Flex Cable",12.00,6.32,2.93,2.36,5.3100,3.8900,0.0000,,,2.50,,,,,,
FLX-SAM-798,"Samsung Galaxy S4 Active i537 Charger Port Front Keyboard & Mic Flex Cable Ribbon",20.00,6.89,2.21,3.22,7.9000,6.6900,0.0000,,9.99,4.99,6.99,,,,,
FLX-SAM-800,"Samsung Galaxy Note 3 N9000 N900A Audio Headphone Jack Speaker Flex Cable",8.00,6.89,2.07,1.46,3.9790,3.2900,0.0000,,5.99,,2.99,,,,,
FLX-SAM-802,"Samsung Galaxy Note 3 N9000 N9005 N900A Stylus S Pen Insert Writing Flex Cable",15.00,6.88,1.59,2.41,5.6900,4.1900,0.0000,,,2.50,2.99,,,,,
FLX-SAM-806,"Samsung Galaxy Note 8.0 Tablet N5100 Ear Speaker Earpiece Audio Jack Flex Cable - Rev 0.4",0.00,0.00,0.00,0.00,5.9500,3.1900,0.0000,,,1.99,,,,,,
FLX-NOK-018,"Nokia Lumia 820 Camera Button / Power Volume Button Flex Cable",0.00,0.00,0.00,0.00,8.9500,6.4900,0.0000,,,0.99,,,,,,
FLX-HTC-462,"HTC One M7 Sim Card Tray Slot Holder Flex Cable",12.00,6.13,6.67,3.05,6.4050,5.0900,0.0000,,,0.30,,,,,,
SRN-SAM-462,"Samsung Galaxy Mega 6.3 i527 i9200 i9205 L600 LCD + Touch Screen Digitizer - Blue",150.00,6.89,8.13,22.95,33.8400,31.4900,0.0000,31.50,38.49,30.99,,,,,,
SRN-SAM-464,"Samsung Galaxy Mega 6.3 i527 i9200 i9205 LCD + Touch Screen Digitizer - White",100.00,6.82,12.50,16.50,35.4100,31.4900,0.0000,31.50,34.99,28.95,,,,,,
SRN-SAM-472,"Samsung Galaxy Note 3 Replacement Front Glass - White",8.00,6.89,2.32,1.50,3.2600,2.5900,0.0000,3.00,7.99,1.99,2.99,,,,,
SRN-SAM-476,"Samsung Galaxy Note 3 Replacement Front Glass - Blue",0.00,0.00,0.00,0.00,6.9500,4.9900,0.0000,,,1.99,,,,,,
SRN-SAM-480,"Galaxy S4 i9500 i9505 i337 M919 i545 L720 R970 Replacement Glass  - Red",8.00,6.85,5.09,1.91,3.9300,3.1900,0.0000,,,1.50,,,,,,
FLX-SAM-810,"Samsung Galaxy S4 i9505 USB Charging Port Microphone Flex Cable REV 25",15.00,6.70,2.17,2.56,5.6925,4.1900,0.0000,4.99,9.99,3.99,,,,,,
SRN-SAM-496,"Galaxy Note 3 N900A N900T LCD + Digitizer Touch Screen with Frame - White - New",760.00,6.82,8.33,112.66,147.5000,138.2500,0.0000,127.50,142.99,142.98,154.99,,,,,
FLX-SAM-816,"Samsung Galaxy Note 3 LCD Touch Screen Tester Flex Cable",12.00,6.12,2.16,2.31,5.1975,3.8900,0.0000,4.49,,,0.00,,,,,
APL-003-1330,"Home Button with Flex Cable Ribbon for iPhone 5S - Silver",8.00,6.89,3.15,1.62,3.5300,2.7900,0.0000,1.79,7.99,1.95,2.99,,,,,
APL-003-1332,"Home Button with Flex Cable Ribbon for iPhone 5S Black",8.00,6.89,2.21,1.48,3.5300,2.7900,0.0000,1.79,7.99,1.95,2.99,,,,,
APL-003-1334,"Front Camera Flex Cable for iPad Mini & iPad Mini 2 & iPad Mini 3 & iPad Air",10.00,6.85,1.23,1.64,5.5100,4.0900,0.0000,3.99,9.99,2.98,2.99,,,,,
APL-003-1336,"iPad Air Bluetooth & WiFi Antenna Cable Replacement",7.00,6.82,2.24,1.35,3.1900,2.4900,0.0000,4.89,7.99,1.20,2.99,,,,,
APL-003-1338,"Home Button for iPad Air White",4.00,6.89,1.72,0.83,1.5250,1.2900,0.0000,,,0.90,1.99,,,,,
APL-003-1340,"Home Button for iPad Air Black",4.00,6.89,1.72,0.83,1.5250,1.2900,0.0000,,2.99,0.99,0.99,,,,,
APL-003-1342,"GPS Connecting Flex Cable for iPad Air",5.00,6.50,1.66,1.02,2.4500,1.8900,0.0000,0.00,7.99,1.99,,,,,,
APL-003-1346,"Charging Port Dock Flex Cable for iPad Air White",10.00,6.89,2.07,1.75,4.1200,3.3900,0.0000,3.99,7.99,2.30,2.99,,,,,
APL-003-1348,"Charging Port Dock Flex Cable for iPad Air Black",10.00,6.89,2.07,1.75,4.1200,3.3900,0.0000,3.99,7.99,2.30,2.99,,,,,
APL-003-1350,"Vibrator Motor for iPhone 5S SE",4.00,6.70,1.86,0.87,2.3000,1.9900,0.0000,1.49,3.99,0.99,1.99,,,,,
APL-003-1352,"Ear Speaker Metal Cover for iPhone 5S",2.00,6.43,1.55,0.55,1.2600,0.7900,0.0000,0.99,,0.50,,,,,,
APL-003-1356,"Home Button for iPhone 5c Black",2.00,6.89,3.15,0.75,1.3500,1.1900,0.0000,1.09,,,1.99,,,,,
APL-003-1358,"Front Camera , Proximity Sensor and Microphone Flex Cable Assembly for iPhone 5c",10.00,6.88,0.15,1.48,4.6400,3.4900,0.0000,1.99,7.99,1.99,3.99,,,,,
APL-003-1360,"Power/Volume/Mute Flex Cable Assembly for iPhone 5c",9.00,6.88,0.15,1.33,3.9790,3.2900,0.0000,2.99,7.99,2.00,3.99,,,,,
APL-003-1362,"Pentalobe Star Replacement Screws for iPhone 5S Gold",1.00,6.70,1.86,0.43,1.1900,0.7900,0.0000,3.99,3.99,0.50,,,,,,
APL-003-1364,"Pentalobe Star Replacement Screws for iPhone 5S Silver",1.00,6.85,1.44,0.36,1.6100,0.9900,0.0000,3.99,3.99,0.50,,,,,,
APL-003-1366,"Pentalobe Star Replacement Screws for iPhone 5c Black",1.00,6.88,0.15,0.17,1.6100,0.9900,0.0000,3.99,,0.50,,,,,,
BTY-COV-212,"Samsung Galaxy S4 R970 US Cellular Back Battery Door Cover - White",0.00,0.00,0.00,0.00,5.9500,3.9900,0.0000,,7.99,,1.99,,,,,
BTY-COV-216,"Samsung Galaxy S4 i337 ATT Back Battery Door Cover - White",8.00,6.50,5.67,2.10,3.5880,2.8900,0.0000,,7.99,1.99,1.99,,,,,
BTY-COV-218,"Samsung Galaxy S4 i337 ATT Back Battery Door Cover – Black Mist",8.00,6.82,4.74,1.87,4.9275,3.6900,0.0000,,,,3.99,,,,,
BTY-COV-194,"Samsung Galaxy Note 3 N900V Verizon 4G LTE Back Battery Door Cover - White",8.00,6.88,6.02,2.04,4.7025,3.4900,0.0000,,,,3.99,,,,,
BTY-COV-198,"Samsung Galaxy Note 3 N900T T-Mobile Back Battery Door Cover - White",8.00,6.89,9.57,2.55,4.4160,3.5900,0.0000,,,,3.99,,,,,
BTY-COV-200,"Samsung Galaxy Note 3 N900T T-Mobile Back Battery Door Cover – Black",9.00,6.88,6.02,2.18,3.9560,3.1900,0.0000,,,2.50,4.99,,,,,
BTY-COV-208,"Samsung Galaxy Note 3 N900P Back Battery Door Cover - White",8.00,6.88,1.59,1.39,5.0625,3.7900,0.0000,,,,3.99,,,,,
FLX-SAM-820,"Samsung Galaxy Mega 6.3 i9200 i9205 i527 L600 R960 M819N Ear Speaker Flex Cable",10.00,6.88,3.53,1.97,4.4850,3.6900,0.0000,,7.99,2.50,,,,,,
FLX-MOT-044,"Motorola Droid Razr HD XT926 Earpiece Speaker Proximity Sensor Flex",15.00,6.12,1.92,2.76,6.2100,4.5900,0.0000,,,3.50,,,,,,
FLX-MOT-070,"Motorola Atrix HD MB886 Loud Speaker Flex",0.00,0.00,0.00,0.00,3.9500,1.1900,0.0000,,,0.30,,,,,,
FLX-LGM-336,"LG Optimus G2 Verizon VS980 Loudspeaker Flex",35.00,6.50,2.29,5.74,10.5525,8.8900,0.0000,3.99,,4.50,0.00,,,,,
FLX-LGM-338,"LG Optimus G2 Verizon VS980 Vibrator Motor Flex",0.00,0.00,0.00,0.00,10.9500,8.1900,0.0000,,,0.60,0.99,,,,,
FLX-LGM-344,"LG Optimus G2 Verizon VS980 Power Volume Rear Button Key Flex Cable",5.00,6.50,2.29,1.12,2.5200,1.9900,0.0000,6.19,9.99,1.99,,,,,,
FLX-LGM-346,"LG Optimus G2 Verizon VS980 Power Volume Rear Buttons",0.00,0.00,0.00,0.00,10.9500,8.1900,0.0000,6.19,9.99,1.99,,,,,,
FLX-LGM-350,"LG Optimus G2 Verizon VS980 Front Camera Flex",0.00,0.00,0.00,0.00,10.9500,8.8900,0.0000,6.89,9.99,5.00,,,,,,
FLX-LGM-352,"LG Optimus G2 Verizon VS980 Back Camera Flex",0.00,0.00,0.00,0.00,6.9500,11.8900,0.0000,5.40,9.99,3.50,,,,,,
FLX-LGM-354,"LG Optimus G2 Verizon VS980 Earpiece Speaker Flex",5.00,6.31,1.99,1.11,2.6640,2.0900,0.0000,3.98,,0.99,0.00,,,,,
FLX-LGM-358,"LG Optimus G2 Verizon VS980 Wifi Bluetooth Flex Cable",0.00,0.00,0.00,0.00,10.9500,8.1900,0.0000,2.25,,,,,,,,
FLX-LGM-360,"LG Optimus G2 Verizon VS980 Charging Port Headphone Jack Volume Flex",40.00,6.88,0.15,5.84,10.5480,9.0900,0.0000,12.98,9.99,8.50,7.99,,,,,
FLX-MOT-082,"Motorola Photon 4G MB855 Back Camera Flex",0.00,0.00,0.00,0.00,16.9500,14.6900,0.0000,,,1.99,,,,,,
FLX-MOT-088,"Motorola Photon 4G MB855 Ear Speaker Flex",0.00,0.00,0.00,0.00,3.9500,1.4900,0.0000,,,0.30,,,,,,
BTY-COV-276,"Motorola Photon 4G MB855 Rear Housing Frame",0.00,0.00,0.00,0.00,4.9500,3.9900,0.0000,,,3.99,,,,,,
FLX-MOT-106,"Motorola Droid X2 MB870 Back Camera Flex",0.00,0.00,0.00,0.00,7.9500,5.8900,0.0000,7.70,,,,,,,,
FLX-MOT-108,"Motorola Droid X1 MB810 X2 MB870 Atrix 4G MB860 Atrix 2 MB865 A855 A955 Loudspeaker Flex",0.00,0.00,0.00,0.00,6.9500,4.0900,0.0000,1.24,,,,,,,,
FLX-MOT-112,"Motorola Droid X2 MB870 Power Volume Button",0.00,0.00,0.00,0.00,6.9500,4.5900,0.0000,3.70,,0.80,,,,,,
FLX-LGM-372,"LG Optimus G2 D800 D801 D803 Rear Buttons",0.00,0.00,0.00,0.00,8.9500,6.3900,0.0000,8.90,,,,,,,,
FLX-LGM-386,"LG Optimus G2 D800 D801 D803 Charging Port Headphone Jack Mic Flex Cable",45.00,6.85,2.17,6.89,12.0600,10.1300,0.0000,12.98,12.99,10.50,8.99,,,,,
FLX-LGM-398,"LG Optimus 3D P920 Thrill P925 3D Dual 3D Back Camera Flex",0.00,0.00,0.00,0.00,11.9500,9.9900,0.0000,,,9.99,,,,,,
FLX-LGM-400,"LG Optimus 3D P920 Thrill P925 Front Camera Flex",0.00,0.00,0.00,0.00,6.9500,4.5900,0.0000,,,3.99,,,,,,
FLX-MOT-130,"Motorola Droid X MB810 Back Camera Flex Cable",0.00,0.00,0.00,0.00,7.9500,5.8900,0.0000,7.70,,,,,,,,
FLX-MOT-136,"Motorola Droid X MB810 Power Volume Camera Buttons",0.00,0.00,0.00,0.00,6.9500,4.5900,0.0000,3.08,,0.99,,,,,,
FLX-MOT-142,"Motorola Droid X MB810 Microphone Keypad Flex Cable",0.00,0.00,0.00,0.00,4.9500,2.6900,0.0000,,,0.99,,,,,,
FLX-MOT-168,"Motorola Droid M XT907 Earpiece Speaker Flex",3.00,6.70,1.45,0.66,1.8000,1.5900,0.0000,,,0.99,,,,,,
FLX-SAM-826,"Samsung Galaxy Note 2 i605 L900 Vibrator Motor & Power Key Button Flex Cable",0.00,0.00,0.00,0.00,7.9500,5.9900,0.0000,,,,1.99,,,,,
APL-001-0762,"LCD Screen with Retina Display for iPad Mini 2 3",370.00,6.88,4.11,54.38,80.9300,73.7400,0.0000,68.00,54.99,60.50,61.99,,,,,
APL-001-0776,"LCD Screen Display for iPad Air",390.00,6.89,3.15,57.06,80.8400,73.6500,0.0000,,74.99,80.99,85.99,,,,,
BTY-COV-346,"Motorola Droid 3 XT862 Keypad Bezel Frame",0.00,0.00,0.00,0.00,4.9500,3.9900,0.0000,,,0.99,,,,,,
BTY-COV-348,"Motorola Droid 3 XT862 XT883 Slide Metal Plate",0.00,0.00,0.00,0.00,15.9500,3.9900,0.0000,,,0.99,,,,,,
SRN-SAM-578,"Galaxy Note 3 N900P N900V LCD + Digitizer Touch Screen with Frame - White - New",760.00,6.88,8.55,111.71,140.2200,131.4900,0.0000,127.50,142.49,143.99,154.99,,,,,
SRN-SAM-580,"Galaxy Note 3 N900P N900V LCD + Digitizer Touch Screen with Frame - Gray - New",750.00,6.90,10.48,110.21,142.6600,133.7900,0.0000,127.50,127.99,135.98,154.99,,,,,
FLX-NOK-026,"Nokia Lumia 920 Power Volume Camera Buttons Flex Cable",0.00,0.00,0.00,0.00,6.9500,4.6900,0.0000,,,2.50,,,,,,
FLX-NOK-032,"Nokia Lumia 925 Sim Card Tray Holder Slot - Black",15.00,6.31,1.99,2.69,6.0525,4.4900,0.0000,,,0.90,,,,,,
FLX-NOK-034,"Nokia Lumia 1020 Headphone Jack Audio Mic Microphone Flex",12.00,6.12,1.50,2.21,4.9725,3.6900,0.0000,,,2.50,,,,,,
FLX-NOK-036,"Nokia Lumia 1020 Micro USB Charging Port Flex Cable",15.00,6.85,2.17,2.51,5.9400,4.3900,0.0000,,7.99,1.50,,,,,,
FLX-NOK-040,"Nokia Lumia 1020 Sim Card Tray Holder Slot - Yellow",0.00,0.00,0.00,0.00,6.9500,4.1900,0.0000,,,1.50,,,,,,
FLX-NOK-044,"Nokia Lumia 1520 Power Volume Camera Buttons Flex Cable",12.00,6.15,1.50,2.20,4.9500,3.6900,0.0000,,,1.99,,,,,,
FLX-HTC-522,"HTC Droid DNA Earpiece Speaker Flex",3.00,6.43,2.22,0.81,3.5190,2.8900,0.0000,,,0.50,,,,,,
FLX-HTC-534,"HTC One M7 801e Charging Port Mic Flex Cable",17.00,6.43,0.00,2.64,6.6150,5.2900,0.0000,6.49,9.99,3.99,4.99,,,,,
FLX-LGM-510,"LG Optimus G2 VS980 LS980 D800 D801 D803 D805 Proximity Sensor Flex",24.00,6.12,1.21,4.12,7.8280,6.5900,0.0000,5.99,9.99,,1.49,,,,,
FLX-LGM-514,"LG Google Nexus 5 D820 D821 GPS Antenna Cable Wire - White",0.00,0.00,0.00,0.00,6.9500,4.1900,0.0000,,3.99,0.99,,,,,,
FLX-LGM-516,"LG Google Nexus 5 D820 D821 Audio Headphone Jack Module",22.00,6.30,1.62,3.75,7.8750,6.1900,0.0000,,9.99,2.50,,,,,,
FLX-LGM-518,"LG Google Nexus 5 D820 D821 Back Facing Rear Camera Flex Cable",32.00,6.30,2.28,5.44,10.0980,8.7900,0.0000,9.49,12.99,,,,,,,
FLX-LGM-520,"LG Google Nexus 5 D820 D821 Charging Port Flex Cable",40.00,6.70,1.96,6.26,11.3900,9.5900,0.0000,7.99,12.99,6.99,,,,,,
FLX-LGM-522,"LG Google Nexus 5 D820 D821 Earpiece Speaker Module",6.00,6.28,3.22,1.47,3.5280,2.7900,0.0000,1.24,4.99,0.60,,,,,,
FLX-LGM-524,"LG Google Nexus 5 D820 D821 Front Facing Camera Flex Cable",15.00,6.12,1.92,2.76,6.2100,4.5900,0.0000,5.79,12.99,,,,,,,
FLX-LGM-526,"LG Google Nexus 5 D820 D821 Loudspeaker Flex Cable",30.00,6.46,2.08,4.97,9.4400,7.9900,0.0000,8.62,9.99,2.50,,,,,,
APL-002-1164,"Glass Housing Back Plate with Frame for ATT iPhone 4 White",4.00,6.88,4.11,1.18,3.2880,2.5900,0.0000,3.50,7.99,,1.99,,,,,
APL-002-1166,"Glass Housing Back Plate with Frame for ATT iPhone 4  Black",4.00,6.88,4.11,1.18,2.1300,1.7900,0.0000,3.50,,,1.49,,,,,
APL-002-1168,"Glass Housing Back Plate with Frame for Verizon/Sprint iPhone 4 and 4S Black",4.00,6.82,4.64,1.27,3.5520,2.7900,0.0000,,,,1.49,,,,,
APL-002-1170,"Glass Housing Back Plate with Frame for Verizon/Sprint iPhone 4 and 4S White",4.00,6.82,1.40,0.79,3.2880,2.5900,0.0000,,,,2.99,,,,,
FLX-SAM-860,"Samsung Galaxy S4 L720 i545 Keypad Home Button Flex Cable",9.00,6.50,1.36,1.59,3.6600,2.9900,0.0000,2.99,7.99,2.99,,,,,,
FLX-SAM-862,"Samsung Galaxy Note 2 i605 Charging Port Flex Cable",10.00,6.89,2.21,1.77,5.9900,4.3900,0.0000,4.99,,3.50,3.99,,,,,
SRN-SAM-582,"Galaxy Note 3 N900A N900T N900W8 LCD + Digitizer Touch Screen with Frame - Gray - New",760.00,6.88,5.33,111.24,143.8100,134.7900,0.0000,127.50,142.99,142.98,154.99,,,,,
APL-003-1368,"LCD Touch Screen Tester Flex Cable for iPhone 5",10.00,6.50,1.94,1.84,4.6100,3.3900,0.0000,3.49,7.99,,2.49,,,,,
APL-003-1370,"LCD Touch Screen Tester Flex Cable for iPhone 5S",15.00,6.43,2.53,2.73,6.1400,4.5900,0.0000,4.49,7.99,,2.49,,,,,
APL-003-1372,"LCD Touch Screen Tester Flex Cable for iPhone 5C",15.00,6.43,2.53,2.73,6.1400,4.5900,0.0000,4.49,7.99,,3.99,,,,,
BTY-COV-442,"Samsung Galaxy S3 i535 R530 Midframe Bezel - Black",0.00,0.00,0.00,0.00,7.9500,5.9900,0.0000,,,,2.49,,,,,
BTY-SAM-082,"Samsung Galaxy Note 2 N7100 Replacement Battery",0.00,0.00,0.00,0.00,6.9500,3.2900,0.0000,4.79,,3.48,6.99,,,,,
FLX-HTC-542,"HTC Wildfire Camera Flash Ribbon Flex Cable",0.00,0.00,0.00,0.00,5.9500,3.9900,0.0000,,,1.99,,,,,,
FLX-SAM-888,"Samsung Galaxy Note 3 N900 Front Camera With Proximity Sensor Flex Cable",13.00,6.85,0.69,2.00,4.9700,3.6500,0.0000,4.89,,3.50,3.99,,,,,
FLX-SAM-890,"Samsung Galaxy Note 10.1 Tablet N8000 Charging Port Flex Cable REV 0.5",0.00,0.00,0.00,0.00,12.9500,10.9900,0.0000,,,3.99,,,,,,
FLX-SAM-892,"Samsung Galaxy S4 i9500 i9505 i337 M919 Sim Card Memory SD Card Flex Cable REV 0.3",8.00,6.85,2.17,1.48,3.9790,3.2900,0.0000,3.49,4.99,1.99,2.99,,,,,
FLX-SAM-916,"Samsung Galaxy Note 2 N7100 i317 T889 i605 Front Facing Camera With Proximity Sensor Flex",0.00,0.00,0.00,0.00,5.9500,3.8900,0.0000,3.49,,3.50,0.00,,,,,
BTY-COV-450,"Samsung Galaxy S2 Skyrocket i727 Middle Frame Bezel - Black",25.00,6.32,1.97,4.27,8.1100,6.8900,0.0000,,,5.99,,,,,,
BTY-COV-456,"Samsung Galaxy S3 L710 Rear Housing Frame - White",0.00,0.00,0.00,0.00,4.9500,,0.0000,,,0.90,,,,,,
SRN-LGM-296,"LG Optimus G2 D802 D805 LCD + Touch Screen Digitizer Assembly - Black",190.00,6.50,1.72,29.50,48.9225,44.4900,0.0000,39.75,52.99,0.00,,,,,,
FLX-SAM-946,"Samsung Galaxy S4 i9500 i9505 i337 M919 i545 L720 Home Button - Blue",0.00,0.00,0.00,0.00,5.9500,,0.0000,,,0.80,,,,,,
BTY-COV-462,"Samsung Galaxy S3 i9300 Midframe Bezel - Blue",0.00,0.00,0.00,0.00,6.9500,,0.0000,,,,0.49,,,,,
BTY-COV-466,"Samsung Galaxy S3 L710 Rear Housing Frame - Black",0.00,0.00,0.00,0.00,4.9500,,0.0000,,,,1.49,,,,,
FLX-SAM-950,"Galaxy Note 3 N900A N900P N900T N900R4 N900V N9000 N9002 Home Button - White",3.00,6.88,1.59,0.67,1.8250,1.5900,0.0000,1.99,,0.50,0.99,,,,,
BTY-COV-474,"Samsung Galaxy Note 3 N900P N900V Midframe Bezel - Silver",30.00,6.85,3.67,4.92,9.3600,8.0900,0.0000,5.00,,,,,,,,
FLX-SAM-954,"Galaxy Note 3 N900A N900P N900R N900T N900V Home Menu Keypad Flex Cable",10.00,6.88,1.59,1.68,4.1600,3.3900,0.0000,1.99,7.99,2.50,3.99,,,,,
BTY-COV-476,"Samsung Galaxy Note 2 N7105 LTE Rear Housing - Gray",0.00,0.00,0.00,0.00,9.9500,,0.0000,,,5.50,,,,,,
BTY-COV-484,"Samsung Galaxy Note 3 N900A ATT Back Battery Door Cover - White",8.00,6.88,3.69,1.70,5.0000,3.6900,0.0000,,,,3.99,,,,,
BTY-COV-490,"Samsung Galaxy Note 3 N9000 Back Battery Door Cover - White",9.00,6.50,4.11,2.02,4.5540,3.6900,0.0000,,,,3.99,,,,,
FLX-SAM-952,"Samsung Galaxy Note 3 N9000 Back Camera Flex Cable",40.00,6.85,1.23,6.02,11.2200,9.4900,0.0000,7.99,12.99,6.50,3.49,,,,,
FLX-SAM-956,"Galaxy Note 3 N900A N900P N900T N900R4 N900V N9000 N9002 Home Button - Black",3.00,6.88,1.59,0.67,1.5500,1.3900,0.0000,1.99,,0.80,0.99,,,,,
FLX-SAM-958,"Galaxy Note 3 N900A N900P N900T N900R4 N900V N9000 N9002 Back Camera Lens Cover - Black",4.00,6.82,2.11,0.90,2.1000,1.7900,0.0000,2.29,,,1.99,,,,,
FLX-SAM-960,"Galaxy Note 3 N900A N900P N900T N900R4 N900V N9000 N9002 Back Camera Lens Cover - White",4.00,6.82,2.11,0.90,2.1000,1.7900,0.0000,2.29,,,1.99,,,,,
FLX-SAM-962,"Samsung Galaxy Note 3 N900A N900P N900T N900R4 N900V N9000 N9002 Power Button Vibrator Flex",8.00,6.82,1.80,1.44,3.4100,2.6900,0.0000,3.99,7.99,1.50,3.99,,,,,
FLX-SAM-964,"Samsung Galaxy Note 3 N900A N900P N900T N900R4 N900V N9000 N9002 Antenna Signal Cable Flex",9.00,6.31,1.99,1.74,4.0020,3.2900,0.0000,1.48,,0.99,,,,,,
FLX-UCP-182,"Samsung Galaxy Note 3 N900A N900P N900T N900R4 N900V N9000 N9002 USB Micro 3.0 Charging Port",4.00,6.43,2.25,0.97,2.4300,2.0900,0.0000,,,0.99,,,,,,
APL-003-1382,"Headphone Jack Home Button Charging Port Flex for iPod Touch 5 Black",10.00,6.88,4.11,2.05,3.9330,3.1900,0.0000,3.00,6.99,1.80,,,,,,
APL-003-1384,"Headphone Jack Home Button Charging Port Flex for iPod Touch 5 White",10.00,6.70,1.45,1.71,4.3470,3.5900,0.0000,3.00,6.99,1.80,,,,,,
APL-003-1394,"Home Button Flex for iPad Air",13.00,6.50,1.90,2.29,5.0625,3.7900,0.0000,2.99,7.99,1.95,2.99,,,,,
APL-003-1396,"Microphone Flex for iPad Air/iPad 5",0.00,0.00,0.00,0.00,5.9500,,0.0000,0.00,7.99,0.00,2.99,,,,,
APL-003-1398,"Home Button Metal Bracket for iPad Air",3.00,6.89,2.07,0.74,2.3250,1.9900,0.0000,,1.99,,,,,,,
APL-003-1400,"Home Button Gasket for iPad Air White",1.00,6.50,1.41,0.37,2.1500,1.8900,0.0000,,1.99,0.99,0.99,,,,,
APL-003-1402,"Home Button Gasket for iPad Air Black",1.00,6.50,1.41,0.37,1.2950,0.7900,0.0000,,1.99,0.99,0.99,,,,,
APL-003-1404,"Inner Metal LCD Screen Holder Shield for iPhone 5S",7.00,6.82,0.90,1.16,3.3840,2.6900,0.0000,2.50,4.99,1.50,0.99,,,,,
FLX-HTC-484,"HTC One SV Volume Flex",0.00,0.00,0.00,0.00,7.9500,,0.0000,,,0.99,,,,,,
FLX-HTC-486,"HTC One SV Power Button Proximity Sensor Flex",0.00,0.00,0.00,0.00,9.9500,,0.0000,,,1.50,,,,,,
FLX-HTC-488,"HTC One SV Main LCD Flex Ribbon",0.00,0.00,0.00,0.00,13.9500,,0.0000,,,1.99,,,,,,
FLX-HTC-510,"HTC Windows 8X 6990L Charging Port With Mic Flex",0.00,0.00,0.00,0.00,16.9500,,0.0000,,,2.99,,,,,,
FLX-SAM-840,"Samsung Galaxy S2 I777 I9100 Earpiece Speaker Headphone Jack Vibrator Flex",0.00,0.00,0.00,0.00,10.9500,,0.0000,,,0.99,,,,,,
FLX-SAM-842,"Samsung Galaxy S2 I777 I9100 Power Volume Buttons",0.00,0.00,0.00,0.00,7.9500,,0.0000,,,0.30,,,,,,
FLX-SAM-852,"Samsung Galaxy S2 EPIC 4G D710 Loudspeaker With Housing",0.00,0.00,0.00,0.00,7.9500,,0.0000,,,0.99,,,,,,
FLX-LGM-446,"LG Google Nexus 4 E960 Power Volume Buttons",0.00,0.00,0.00,0.00,13.9500,,0.0000,,9.99,,,,,,,
FLX-LGM-448,"LG Google Nexus 4 E960 Earpiece Speaker Flex",5.00,6.50,1.13,0.94,2.3500,1.9900,0.0000,1.54,,1.50,,,,,,
FLX-LGM-450,"LG Google Nexus 4 E960 Antenna Coax Cable",4.00,6.50,1.36,0.82,2.3500,1.9900,0.0000,,,0.30,,,,,,
FLX-MOT-216,"Motorola Droid 3 XT862 Vibrator Motor Flex",0.00,0.00,0.00,0.00,6.9500,,0.0000,,,0.99,,,,,,
FLX-MOT-226,"Motorola Droid 3 XT862 XT860 XT883 Power Button Microphone Flex",0.00,0.00,0.00,0.00,7.9500,,0.0000,,,0.99,,,,,,
FLX-MOT-332,"Motorola Droid 4 XT894 Power Volume Buttons",0.00,0.00,0.00,0.00,7.9500,,0.0000,,,0.30,,,,,,
FLX-MOT-342,"Motorola Droid 4 XT894 Ear Piece Speaker Flex",3.00,6.43,1.47,0.70,1.7250,1.4900,0.0000,,,0.99,,,,,,
FLX-MOT-354,"Motorola Atrix 2 MB865 Headphone Jack Flex",0.00,0.00,0.00,0.00,8.9500,,0.0000,,,0.30,,,,,,
FLX-MOT-368,"Motorola MOTO X XT1060 Loudspeaker",15.00,6.43,2.25,2.68,5.8950,4.3900,0.0000,1.00,,1.50,,,,,,
FLX-MOT-372,"Motorola MOTO X XT1060 Back Camera Flex",55.00,6.32,2.21,9.05,15.3170,12.3900,0.0000,7.70,,5.99,,,,,,
FLX-MOT-374,"Motorola MOTO X XT1060 Front Camera Flex",50.00,6.31,1.88,8.22,13.9740,11.2900,0.0000,7.70,,,,,,,,
FLX-MOT-376,"Motorola MOTO X XT1060 Power Volume Flex",22.00,6.70,2.15,3.60,7.9380,6.2900,0.0000,3.08,7.99,3.99,,,,,,
FLX-MOT-384,"Motorola MOTO X XT1060 Antenna Flex",50.00,6.13,1.54,8.41,14.2970,11.5900,0.0000,,,4.50,,,,,,
FLX-MOT-396,"Motorola Droid MAXX XT1080M XT1080 Loudspeaker",18.00,6.50,1.72,3.03,6.5100,5.1900,0.0000,,,,3.99,,,,,
FLX-MOT-400,"Motorola Droid MAXX XT1080M XT1080 Back Camera Flex",0.00,0.00,0.00,0.00,15.9500,,0.0000,,,,9.99,,,,,
FLX-MOT-402,"Motorola Droid MAXX XT1080M XT1080 Front Camera Flex",50.00,6.70,3.59,8.00,13.9740,11.2900,0.0000,,,,6.99,,,,,
FLX-MOT-424,"Motorola Droid MINI XT1030 Front Camera Flex",0.00,0.00,0.00,0.00,19.9500,,0.0000,5.99,,,,,,,,
FLX-MOT-426,"Motorola Droid MINI XT1030 Back Camera Flex",30.00,6.15,1.50,5.12,9.2160,7.9900,0.0000,6.99,,,,,,,,
FLX-MOT-434,"Motorola Droid MINI XT1030 Loudspeaker",30.00,6.85,1.96,4.67,8.8700,7.4700,0.0000,2.50,,,,,,,,
FLX-MOT-452,"Motorola Photon Q 4G LTE XT897 Ear Piece Speaker",0.00,0.00,0.00,0.00,5.9500,,0.0000,,,0.99,,,,,,
FLX-MOT-464,"Motorola Atrix 4G MB860 Volume Button",0.00,0.00,0.00,0.00,7.9500,,0.0000,,,0.80,,,,,,
SRN-MOT-388,"Motorola Droid MINI XT1030 Touch Screen Digitizer LCD With Frame",120.00,6.82,2.31,17.93,26.0000,23.8500,0.0000,24.50,,,,,,,,
FLX-SAM-966,"Samsung Galaxy S5 i9600 G900A G900T G900V G900P Back Camera Flex Cable",15.00,6.88,1.59,2.41,6.9900,5.4900,0.0000,6.99,7.99,4.48,4.99,,,,,
FLX-SAM-968,"Samsung Galaxy S5 i9600 G900A G900T G900V G900P Front Camera Flex Cable",7.00,6.85,0.69,1.12,3.5040,2.7900,0.0000,4.89,,3.50,3.99,,,,,
FLX-SAM-972,"Samsung Galaxy S5 i9600 International Dual Sim Card Tray Flex",12.00,6.13,1.29,2.17,4.8825,3.5900,0.0000,,,3.99,,,,,,
FLX-SAM-974,"Samsung Galaxy S5 i9600 G900A G900T G900V G900P G900R4 Headphone Jack Flex",6.00,6.85,0.69,0.98,2.9040,2.2900,0.0000,4.50,4.99,1.38,0.99,,,,,
FLX-SAM-976,"Samsung Galaxy S5 i9600 G900A G900T G900V G900P G900R4 Power Button Flex",0.00,0.00,0.00,0.00,5.9500,,0.0000,1.29,4.99,0.80,0.99,,,,,
FLX-SAM-978,"Samsung Galaxy S5 i9600 G900A G900T G900V G900P G900R4 Vibrator Motor Flex",5.00,6.85,0.69,0.83,2.4000,2.0900,0.0000,,4.99,0.95,2.99,,,,,
FLX-SAM-980,"Samsung Galaxy S5 i9600 G900A G900T G900V G900P G900R4 Volume Button Flex",0.00,0.00,0.00,0.00,5.9500,,0.0000,1.89,4.99,0.99,0.99,,,,,
FLX-SAM-982,"Samsung Galaxy S5 i9600 G900A G900T G900V G900P Home Button Flex Black",10.00,6.88,1.59,1.68,4.4900,3.6900,0.0000,5.89,7.99,2.45,1.99,,,,,
FLX-SAM-984,"Samsung Galaxy S5 i9600 G900A G900T G900V G900P Home Button Flex White",10.00,6.85,0.69,1.56,4.4900,3.6900,0.0000,5.89,9.49,2.45,1.99,,,,,
FLX-SAM-988,"Samsung Galaxy S5 SM G900A ATT Home Button Charging Port Flex",23.00,6.89,2.21,3.66,7.6400,6.0100,0.0000,4.99,9.99,,6.99,,,,,
FLX-SAM-990,"Samsung Galaxy S5 SM G900P Sprint Home Button Charging Port Flex",22.00,6.82,0.90,3.36,9.2300,7.7900,0.0000,4.99,9.99,4.48,5.99,,,,,
FLX-SAM-992,"Samsung Galaxy S5 SM G900T T Mobile Home Button Charging Port Flex",25.00,6.89,2.07,3.93,8.3400,6.5500,0.0000,4.99,10.99,4.99,7.99,,,,,
FLX-SAM-994,"Samsung Galaxy S5 SM G900V Verizon Home Button Mic Charging Port Flex",20.00,6.89,2.21,3.22,7.3300,5.7600,0.0000,4.99,9.99,4.48,6.99,,,,,
FLX-SAM-998,"Samsung Galaxy S4 Mini i9190 i9195 Charging Port Flex",12.00,6.50,1.68,2.10,4.5675,3.3900,0.0000,,,2.99,,,,,,
FLX-SAM-1000,"Samsung Galaxy S4 Mini i9190 i9195 Front Camera Flex",0.00,0.00,0.00,0.00,3.9500,,0.0000,,,1.99,,,,,,
FLX-SAM-1002,"Samsung Galaxy S4 Mini i9190 i9195 Headphone Jack Flex",8.00,6.12,1.44,1.54,3.5420,2.8900,0.0000,,,0.99,,,,,,
FLX-SAM-1004,"Samsung Galaxy S4 Mini i9190 L520 I435 i9192 i9195 Home Button Black",0.00,0.00,0.00,0.00,2.9500,,0.0000,,,0.60,,,,,,
FLX-SAM-1008,"Samsung Galaxy S4 Mini i9190 L520 I435 i9192 i9195 Home Button White",0.00,0.00,0.00,0.00,2.9500,,0.0000,,,0.60,,,,,,
FLX-SAM-1010,"Samsung Galaxy S4 Mini i9190 i9195 Loud Speaker With Assembly",10.00,6.70,1.45,1.71,4.2320,3.4900,0.0000,,,2.50,,,,,,
FLX-SAM-1014,"Samsung Galaxy S3 Mini i8190 Back Camera Flex",0.00,0.00,0.00,0.00,6.9500,,0.0000,,,0.99,,,,,,
FLX-SAM-1018,"Samsung Galaxy S3 Mini i8190 Home Button Flex",0.00,0.00,0.00,0.00,6.9500,,0.0000,,,2.99,,,,,,
FLX-SAM-1020,"Samsung Galaxy S3 Mini i8190 G730V G730A Home Button White",0.00,0.00,0.00,0.00,3.9500,,0.0000,,,0.40,,,,,,
BTY-COV-380,"Motorola MOTO X XT1060 Back Battery Door Cover Black",0.00,0.00,0.00,0.00,11.9500,,0.0000,,,1.99,,,,,,
FLX-SAM-1022,"Samsung Galaxy Note 3 N9000 International With 3G Charging Port Flex Cable",25.00,6.50,1.72,4.11,8.3980,7.0900,0.0000,6.49,,,,,,,,
BTY-COV-530,"Samsung Galaxy Note 3 N900A N900T Midframe Bezel - Silver",25.00,6.88,1.59,3.86,7.9600,6.7000,0.0000,5.00,,,7.99,,,,,
SRN-SAM-612,"Galaxy S5 i9600 G900A G900T G900V G900P LCD + Touch Screen Digitizer - Black",560.00,6.89,8.13,82.46,124.4900,104.9900,0.0000,105.00,142.99,140.99,139.99,,,113.00,,
SRN-SAM-616,"Galaxy S5 i9600 G900A G900T G900V G900P G900H LCD + Touch Screen Digitizer - Gold",740.00,6.82,6.37,109.44,155.7500,124.9900,0.0000,,146.99,129.99,139.99,,,127.00,,
SRN-SAM-620,"Galaxy S4 Mini i9190 L520 i257 I435 i9192 i9195 LCD Digitizer - White",310.00,6.85,7.23,46.31,63.6800,57.8900,0.0000,,69.99,55.50,,,,,,
SRN-SAM-624,"Galaxy S4 Mini i9190 i9192 i9195 LCD + Touch Screen Digitizer with Frame - White",460.00,6.13,10.26,76.71,99.7230,92.8900,0.0000,,,52.99,,,,,,
SRN-HUA-082,"Huawei Honor U8860 International Touch Screen Digitizer",40.00,6.12,4.04,7.20,12.2400,9.8900,0.0000,,,3.99,,,,,,
FLX-LGM-540,"LG Optimus G PRO E980 Headphone Jack Flex",7.00,6.50,2.30,1.43,3.7490,3.0900,0.0000,,,0.80,,,,,,
SRN-HTC-582,"HTC One M8 LCD Screen and Digitizer Assembly HTC Logo Black",180.00,6.50,2.74,28.11,47.7125,43.3900,0.0000,35.00,0.00,22.99,29.99,,,,,
FLX-LGM-558,"LG G Flex D950 D955 D958 D959 F340 LS995 Charging Port Flex Cable",30.00,6.88,0.15,4.38,9.0360,7.7900,0.0000,,,5.50,,,,,,
SRN-SNY-014,"Sony Xperia Z1 L39h LCD Touch Screen Digitizer Black",130.00,6.45,3.42,20.69,28.9700,26.9900,0.0000,,,19.50,,,,,,
APL-003-1410,"Anti-Static Charging Port Ground Connector for iPhone 5S",2.00,6.82,1.40,0.50,1.7500,1.0500,0.0000,,,0.30,,,,,,
BTY-SAM-088,"Samsung Galaxy S5 G900T G900A G900V G900P Battery 2800 mAh",0.00,0.00,0.00,0.00,8.9500,,0.0000,4.99,12.99,,5.99,,,6.50,,
APL-003-1412,"Proximity Light Sensor Power Button Mic Flex for ATT iPhone 4",0.00,0.00,0.00,0.00,4.9500,,0.0000,,7.99,,1.99,,,,,
FLX-SNY-012,"Sony Xperia Z1 L39h Headphone Jack Flex Cable Ribbon",0.00,0.00,0.00,0.00,8.9500,,0.0000,,,5.99,,,,,,
FLX-SNY-014,"Sony Xperia Z1 L39h Microphone Flex Cable Ribbon",0.00,0.00,0.00,0.00,6.9500,,0.0000,,,0.30,,,,,,
FLX-SNY-018,"Sony Xperia Z1 L39h SIM Card Tray Black",5.00,6.60,2.22,1.09,2.5000,2.1900,0.0000,,,1.99,,,,,,
FLX-MOT-488,"Motorola Moto G XT1032 SIM Card Reader Contact",8.00,6.12,1.21,1.50,3.6000,2.7900,0.0000,,,1.50,,,,,,
FLX-MOT-490,"Motorola Moto G XT1032 Earpiece Speaker",3.00,6.82,1.40,0.65,1.8000,1.5900,0.0000,1.24,4.99,0.99,,,,,,
FLX-SAM-1028,"Samsung Galaxy Tab 3 10.1 3G GT-P5200/P5210 Charging Port Flex",15.00,6.82,0.90,2.33,5.3325,3.9900,0.0000,,7.99,3.00,3.99,,,,,
APL-002-1236,"Rear Housing for iPhone 5 White",70.00,6.85,1.96,10.51,18.2435,16.1900,0.0000,,39.99,,8.49,,,,,
APL-002-1238,"Rear Housing for iPhone 5 Black",70.00,6.60,1.97,10.90,17.8870,15.8900,0.0000,,,,11.99,,,,,
APL-002-1242,"Rear Housing for iPhone 5 Green",0.00,0.00,0.00,0.00,28.9500,,0.0000,25.00,,,12.49,,,,,
TAB-SRN-274,"Samsung Galaxy Tab 3 8.0 SM T310 (Wifi Version) Digitizer White",50.00,6.82,7.35,8.41,15.1810,12.2900,0.0000,12.29,14.99,8.99,,,,,,
TAB-SRN-272,"Samsung Galaxy Tab 3 7.0 SM-T210 SM-3210 SM-T217 Digitizer White",40.00,6.85,2.24,6.17,12.2060,9.8900,0.0000,12.10,14.99,12.99,,,,,,
TAB-SRN-264,"Samsung Galaxy Tab 3 10.1 GT P5210 (Wifi Version) Digitizer Black",75.00,6.85,6.30,11.87,19.4525,17.1900,0.0000,,,14.50,,,,,,
TAB-SRN-266,"Samsung Galaxy Tab 3 10.1 GT P5210 (Wifi Version) Digitizer White",60.00,6.85,6.30,9.68,16.3040,14.0900,0.0000,,,14.50,,,,,,
APL-001-0098S,"LCD and Touch Screen Digitizer Full Set for ATT iPhone 4  Black",0.00,0.00,0.00,0.00,22.9500,20.9900,0.0000,,19.99,13.98,13.99,,,,,
APL-001-0104S,"LCD and Touch Screen Digitizer Full Set for ATT iPhone 4  White",0.00,0.00,0.00,0.00,22.9500,,0.0000,,,13.50,,,,,,
APL-001-0188S,"LCD and Touch Screen Digitizer Full Set for Verizon/Sprint iPhone 4 Black",0.00,0.00,0.00,0.00,22.9500,20.9900,0.0000,,19.49,13.50,,,,,,
APL-001-0194S,"LCD and Touch Screen Digitizer Full Set for Verizon/Sprint iPhone 4 White",0.00,0.00,0.00,0.00,22.9500,20.9900,0.0000,,,13.50,,,,,,
APL-001-0284S,"LCD and Touch Screen Digitizer Full Set for iPhone 4S White",0.00,0.00,0.00,0.00,22.9500,20.9900,0.0000,,,13.50,,,,,,
FLX-SAM-1032,"Samsung Galaxy S5 LCD Touch Screen Tester Flex Cable",12.00,6.32,2.01,2.22,4.9950,3.6900,0.0000,4.49,,,3.99,,,,,
SRN-MOT-422,"Motorola Moto G XT1032 XT1036 LCD Touch Screen Digitizer Assembly",150.00,6.50,6.03,24.00,33.9100,31.4900,0.0000,25.50,29.99,22.98,28.99,,,,,
SRN-BLB-028,"LCD Screen and Digitizer Assembly with Frame for BlackBerry Z30 GSM -Black",270.00,6.46,4.82,42.54,58.4900,53.1900,0.0000,,,45.98,49.99,,,,,
SRN-MOT-424,"LCD Screen and Digitizer Assembly for Motorola Moto E XT1021 XT1022 No Logo White",70.00,6.32,1.00,11.23,17.4065,15.3900,0.0000,20.50,,14.99,,,,,,
SRN-MOT-426,"LCD Screen and Digitizer Assembly for Motorola Moto E XT1021 XT1022 No Logo Black",90.00,6.46,4.91,14.69,22.5800,20.3900,0.0000,20.50,21.99,14.99,19.99,,,,,
FLX-SAM-1034,"Samsung Galaxy S4 i9500 R12 Rear Camera",32.00,6.31,1.08,5.24,9.4320,8.1900,0.0000,6.99,,4.99,1.49,,,,,
APL-002-1350,"Back Housing Cover for iPod Touch 4 Chrome",25.00,6.13,3.36,4.63,8.7970,7.4900,0.0000,,,,0.99,,,,,
FLX-SAM-1036,"Samsung Galaxy S3 i9300 T999 i747 i535 L710  Power Volume - Gray",5.00,6.30,2.28,1.16,2.6160,2.0900,0.0000,0.99,,0.30,,,,,,
SRN-SAM-686,"Galaxy Note 3 N9000 N900A N900T N900P N900V LCD Digitizer Touch Screen Gray - New",720.00,6.89,8.90,105.79,136.7900,119.9900,0.0000,110.00,137.99,142.98,139.99,,,,,
SRN-SAM-688,"Galaxy Note 3 N9000 N900A N900T N900P N900V LCD Digitizer Touch Screen White - New",710.00,6.89,8.90,104.34,134.5800,119.9900,0.0000,110.00,124.99,136.98,139.99,,,,,
FLX-LGM-560,"LG G3 D850 D851 D855 VS985 LS990 Power Volume Button Flex",0.00,0.00,0.00,0.00,11.9500,9.9900,0.0000,4.79,9.99,,,,,,,
APL-001-1180,"LCD and Touch Screen Digitizer for iPod Touch 5 Black",250.00,6.89,3.15,36.74,55.4538,50.4100,0.0000,46.00,47.49,46.98,55.99,,,,,
APL-003-1420,"Wifi Antenna Flex Cable for Apple iPhone 6",2.00,6.89,3.15,0.75,1.7000,1.4900,0.0000,1.94,4.99,0.60,0.99,,,,,
APL-003-1422,"Rear Camera for iPhone 6",18.00,6.88,4.11,3.21,6.7100,4.9900,0.0000,3.49,9.99,3.25,5.99,,,,,
APL-001-1252,"Front Screen Glass for iPhone 6 Black",11.00,6.50,1.24,1.88,4.5700,3.3900,0.0000,6.00,7.99,1.50,5.99,,,,,
APL-001-1254,"Front Screen Glass for iPhone 6 White",11.00,6.50,1.24,1.88,4.5700,3.3900,0.0000,2.50,7.99,2.99,4.99,,,,,
APL-003-1424,"Home Button Assembly for iPhone 6 & 6 Plus – White / Silver",9.00,6.88,1.13,1.47,4.3470,3.5900,0.0000,2.95,7.99,1.95,2.99,,,,,
APL-003-1426,"Home Button Assembly for iPhone 6 & 6 Plus – White / Gold",9.00,6.88,1.13,1.47,4.1170,3.3900,0.0000,2.95,7.99,1.95,2.99,,,,,
APL-003-1428,"Home Button Assembly for iPhone 6 & 6 Plus – Black",9.00,6.88,1.13,1.47,4.0710,3.2900,0.0000,2.95,7.99,1.95,2.99,,,,,
APL-003-1430,"Charging Port and Headphone Jack Flex Cable for iPhone 6 White",18.00,6.85,3.68,3.16,6.6400,5.2100,0.0000,3.99,12.99,2.80,6.99,,,,,
APL-003-1432,"Charging Port and Headphone Jack Flex Cable for iPhone 6 Silver",14.00,6.89,3.15,2.49,5.2200,3.8300,0.0000,3.99,,2.80,6.99,,,,,
APL-003-1434,"Volume Button Flex Cable for iPhone 6",8.00,6.88,1.13,1.33,3.5500,2.7900,0.0000,2.79,,1.50,2.99,,,,,
APL-003-1436,"Power Button Flex Cable for iPhone 6",9.00,6.88,1.13,1.47,6.7300,4.9900,0.0000,2.89,9.99,2.40,2.99,,,,,
APL-003-1438,"Loud Speaker for iPhone 6",6.00,6.88,0.15,0.89,3.3100,2.5500,0.0000,1.99,7.99,1.99,2.99,,,,,
APL-003-1440,"SIM Card Tray for iPhone 6 Space Gray",4.00,6.85,1.44,0.79,2.4480,1.8900,0.0000,1.79,4.99,0.99,,,,,,
APL-003-1442,"SIM Card Tray for iPhone 6 Space Silver",3.00,6.50,0.55,0.55,1.6500,1.3900,0.0000,1.79,4.99,0.99,,,,,,
APL-003-1446,"Charging Dock Port & Headphone Jack Flex Cable for iPhone 6 Plus White",18.00,6.85,0.69,2.73,7.2900,5.7300,0.0000,3.99,9.99,3.25,6.99,,,,,
APL-003-1448,"Wifi Antenna with Wire Flex Cable for iPhone 6 Plus",3.00,6.89,1.72,0.69,2.0750,1.7900,0.0000,1.29,7.99,0.95,1.99,,,,,
APL-003-1450,"Vibrator Motor for iPhone 6 Plus",6.00,6.82,2.11,1.19,2.8560,2.2015,0.0000,1.99,7.99,1.20,1.99,,,,,
APL-001-1256,"Front Screen Glass for iPhone 6 Plus Black",12.00,6.50,1.06,2.01,4.5200,3.3900,0.0000,2.75,9.99,1.20,5.99,,,,,
APL-001-1258,"Front Screen Glass for iPhone 6 Plus White",12.00,6.50,1.06,2.01,4.5200,3.3900,0.0000,2.75,9.99,1.20,5.99,,,,,
APL-003-1466,"WIFi GPS Bluetooth Antenna for iPhone 6",3.00,6.89,3.15,0.89,2.0000,1.6900,0.0000,1.94,4.99,,,,,,,
SRN-MOT-440,"LCD + Touch Screen Digitizer for Motorola Moto E XT1021 XT1022 XT1025 White",0.00,0.00,0.00,0.00,19.9500,,0.0000,18.50,,14.99,,,,,,
SRN-SNY-032,"Touch Screen Digitizer for Sony Xperia Z1S L39T C6916 Black",85.00,6.31,7.78,14.70,22.0500,19.8900,0.0000,,,10.99,,,,,,
SRN-LGM-348,"LCD + Touch Screen Digitizer for LG Google Nexus 5 D820 D821 Black",65.00,6.89,14.29,11.51,45.8013,41.6900,0.0000,28.99,44.99,26.99,28.99,,,,,
SRN-MOT-442,"LCD + Touch Screen Digitizer for Motorola Droid Mini XT1030 Black",100.00,6.70,3.35,15.43,23.8100,21.8900,0.0000,19.50,19.99,16.40,20.99,,,,,
SRN-MOT-444,"LCD + Touch Screen Digitizer for Motorola Droid Mini XT1030 White",0.00,0.00,0.00,0.00,25.9500,29.6900,0.0000,19.50,,16.40,20.99,,,,,
SRN-SNY-042,"LCD + Touch Screen Digitizer for Sony Xperia Z2 D6502 D6503 D6543 Black",140.00,6.89,8.13,21.50,32.4200,30.1100,0.0000,,,25.99,,,,,,
SRN-NOK-066,"LCD + Touch Screen Digitizer with Frame for Nokia Lumia 1020 Black",340.00,6.70,7.75,51.90,70.4200,64.1900,0.0000,,,63.99,,,,,,
SRN-HTC-652,"LCD + Touch Screen Digitizer with Frame for HTC One M7 801e Black",145.00,6.85,3.32,21.65,30.3100,28.1500,0.0000,,29.99,22.95,26.99,,,,,
SRN-HTC-654,"LCD + Touch Screen Digitizer with Frame for HTC One M7 801e Silver",150.00,6.46,4.29,23.88,32.8200,30.4900,0.0000,,29.99,22.95,,,,,,
SRN-NOK-068,"LCD + Touch Screen Digitizer with Frame for Nokia Lumia 920 Black",130.00,6.85,3.85,19.54,28.6700,26.6900,0.0000,,29.99,23.88,26.99,,,,,
TAB-SRN-306,"Touch Screen Digitizer for Samsung Galaxy TAB 3 SM-T210R T210 Black",35.00,6.82,7.35,6.21,11.9340,9.6900,0.0000,12.10,0.00,12.99,,,,,,
SRN-MOT-446,"LCD + Touch Screen Digitizer with Frame for Motorola RAZR Droid HD Maxx XT925 XT926 XT926M Black",305.00,6.12,7.78,51.11,68.9985,62.8900,0.0000,,,,58.99,,,,,
SRN-HTC-656,"LCD + Touch Screen Digitizer with Frame for HTC Droid DNA Black",150.00,6.70,8.75,23.69,36.1500,33.5900,0.0000,,,,32.99,,,,,
SRN-HTC-658,"LCD + Touch Screen Digitizer with Frame for HTC One M8 831C",165.00,6.82,7.55,25.30,41.6100,37.8900,0.0000,45.00,0.00,29.48,36.99,,,,,
SRN-MOT-454,"LCD + Touch Screen Digitizer for Motorola Droid Razr M XT907 Black",110.00,6.60,8.54,17.96,22.9650,20.6900,0.0000,,,,21.99,,,,,
FLX-HTC-558,"Micro SD Reader & Volume Button Flex for HTC One M8",15.00,6.12,1.50,2.70,6.0750,4.4900,0.0000,,,2.99,,,,,,
FLX-HTC-560,"Loudspeaker Module for HTC One M8",10.00,6.70,4.96,2.23,5.7825,4.2900,0.0000,4.29,,1.99,,,,,,
APL-003-1452,"Loudspeaker Module for iPhone 5S SE",10.00,6.85,0.69,1.56,4.5675,3.3900,0.0000,1.39,7.99,1.50,1.99,,,,,
APL-003-1458,"Ear Piece Speaker Module for iPhone 5C",3.00,6.88,0.15,0.46,2.0000,1.6900,0.0000,0.79,4.99,0.80,0.99,,,,,
APL-003-1460,"Complete Screw Set for iPhone 5S",2.00,6.85,1.69,0.54,1.7500,1.0900,0.0000,3.99,4.99,0.99,,,,,,
APL-003-1462,"Home Button Rubber Gasket for iPhone 5S",1.00,6.85,2.24,0.47,1.3000,0.7900,0.0000,,1.49,0.99,0.99,,,,,
APL-003-1464,"Complete Internal Screw Set for iPhone 5c",2.00,6.50,1.22,0.50,1.7500,1.0900,0.0000,2.99,4.99,1.99,0.99,,,,,
