SKU,ItemName,Raw Cost,True Cost,D1,D3,D10,L1,L3,L10,B1,B3,B10,S1,S3,S10,G1,G3,G10,P1,P3,P10,Dm1,Dm3,Dm10,"is ignored?,,,,,"
ACC-ZED-507,Samsung Galaxy Note 2 Premium Shatter-Proof Tempered Glass Screen Protector - Clear,1.5,0.51,3.99,2.99,1.99,1.99,1.89,1.79,1.99,1.89,1.79,1.99,1.89,1.79,1.99,1.89,1.79,1.99,1.89,1.79,1.99,1.89,1.79,1
ACC-ZED-558,Samsung Galaxy S4 Premium Shatter-Proof Tempered Glass Screen Protector - Clear,1.5,0.51,3.99,2.99,1.99,1.99,1.89,1.79,1.99,1.89,1.79,1.99,1.89,1.79,1.99,1.89,1.79,1.99,1.89,1.79,1.99,1.89,1.79,1
ACC-ZED-562,Samsung Galaxy Note 3 Premium Shatter-Proof Tempered Glass Screen Protector - Clear,1.5,0.56,3.99,2.99,1.99,1.99,1.89,1.79,1.99,1.89,1.79,1.99,1.89,1.79,1.99,1.89,1.79,1.99,1.89,1.79,1.99,1.89,1.79,1
ACC-ZED-566,Samsung Galaxy S5 Premium Shatter-Proof Tempered Glass Screen Protector - Clear,1.5,0.22,3.99,2.99,1.99,1.99,1.89,1.79,1.99,1.89,1.79,1.99,1.89,1.79,1.99,1.89,1.79,1.99,1.89,1.79,1.99,1.89,1.79,1
ACC-ZED-662,Shatter-Proof Tempered Glass Screen Protector for iPhone 6 Clear,1.5,0.22,3.99,2.99,1.99,1.99,1.89,1.79,1.99,1.89,1.79,1.99,1.89,1.79,1.99,1.89,1.79,1.99,1.89,1.79,1.99,1.89,1.79,1
ACC-ZED-664,Shatter-Proof Tempered Glass Screen Protector for iPhone 6 Plus,1.5,0.76,3.99,2.99,1.99,1.99,1.89,1.79,1.99,1.89,1.79,1.99,1.89,1.79,1.99,1.89,1.79,1.99,1.89,1.79,1.99,1.89,1.79,1
ACC-ZED-680,Premium Shatter-Proof Tempered Glass Screen Protector for Samsung Note 4,1.5,0.4,3.99,2.99,1.99,1.99,1.89,1.79,1.99,1.89,1.79,1.99,1.89,1.79,1.99,1.89,1.79,1.99,1.89,1.79,1.99,1.89,1.79,1
ACC-ZED-725,SAMSUNG GALAXY S6 Premium Shatter-Proof Tempered Glass Screen Protector - Clear,2.5,0.6,3.99,2.99,1.99,1.99,1.89,1.79,1.99,1.89,1.79,1.99,1.89,1.79,1.99,1.89,1.79,1.99,1.89,1.79,1.99,1.89,1.79,1
ACC-ZED-726,Explosion Proof Tempered Glass Screen Protector Apple iPad Air,12,2.14,8.99,7.99,6.99,6.99,6.79,5.99,6.99,6.79,5.99,6.99,6.79,5.99,6.99,6.79,5.99,6.99,6.79,5.99,6.99,6.79,5.99,1
ACC-ZED-727,Tempered Glass Screen Protector for iPod Touch 5,0,0,3.99,2.99,1.99,1.99,1.89,1.79,1.99,1.89,1.79,1.99,1.89,1.79,1.99,1.89,1.79,1.99,1.89,1.79,1.99,1.89,1.79,1
ACC-ZED-753,iPad 2/3/4 Tempered Glass Screen Protector,12,2.17,8.99,7.99,6.99,6.99,6.79,5.99,6.99,6.79,5.99,6.99,6.79,5.99,6.99,6.79,5.99,6.99,6.79,5.99,6.99,6.79,5.99,1
ACC-ZED-775,Samsung Galaxy Note 5 Tempered Glass Screen Protector,1.5,0.36,3.99,2.99,1.99,1.99,1.89,1.79,1.99,1.89,1.79,1.99,1.89,1.79,1.99,1.89,1.79,1.99,1.89,1.79,1.99,1.89,1.79,1
ACC-ZED-776,Shatter-Proof Tempered Glass Screen Protector for LG G4,1.5,0.36,3.99,2.99,1.99,1.99,1.89,1.79,1.99,1.89,1.79,1.99,1.89,1.79,1.99,1.89,1.79,1.99,1.89,1.79,1.99,1.89,1.79,1
ACC-ZED-777,Apple iPhone 6/6S Tempered Glass Screen Protector with Cleaning Kit - Pack of 25,37.5,5.8,24.95,,,,,,,,,,,,,,,,,,,,,1
ACC-ZED-777,Apple iPhone 6/6S Tempered Glass Screen Protector with Cleaning Kit - Pack of 25,37.5,5.8,24.95,,,,,,,,,,,,,,,,,,,,,1
ACC-ZED-778,Apple iPhone 5/5S/SE Tempered Glass Screen Protector with Cleaning Kit - Pack of 25,35.5,5.18,24.95,,,,,,,,,,,,,,,,,,,,,1
ACC-ZED-779,iPhone 6 Plus /6S Plus Tempered Glass Screen Protector with Cleaning Kit - Pack of 25,40,5.84,26.95,,,,,,,,,,,,,,,,,,,,,1
ACC-ZED-780,Samsung Galaxy S7 Tempered Glass Screen Protector with Cleaning Kit - Pack of 25,38,6.13,29.95,,,,,,,,,,,,,,,,,,,,,1
ACC-ZED-780,Samsung Galaxy S7 Tempered Glass Screen Protector with Cleaning Kit - Pack of 25,38,6.13,29.95,,,,,,,,,,,,,,,,,,,,,1
ACC-ZED-786,Samsung Galaxy S6 Tempered Glass Screen Protector with Cleaning Kit - Pack of 25,38,6.61,26.95,,,,,,,,,,,,,,,,,,,,,1
ACC-ZED-791,Samsung Galaxy Note 4 Tempered Glass Screen Protector with Cleaning Kit - Pack of 25,37.5,6,29.95,,,,,,,,,,,,,,,,,,,,,1
ACC-ZED-792,Samsung Galaxy Note 5 Tempered Glass Screen Protector with Cleaning Kit - Pack of 25,37.5,6,29.95,,,,,,,,,,,,,,,,,,,,,1
ACC-ZED-793,Samsung S5 Active Tempered Glass,2.5,0.59,3.99,2.99,1.99,1.99,1.89,1.79,1.99,1.89,1.79,1.99,1.89,1.79,1.99,1.89,1.79,1.99,1.89,1.79,1.99,1.89,1.79,1
ACC-ZED-795,Samsung Note 7 Tempered Glass Screen Protector with Cleaning Kit - Pack of 25,40,6.36,29.95,,,,,,,,,,,,,,,,,,,,,1
ACC-ZED-796,Samsung Galaxy Note 7 Premium Shatter-Proof Tempered Glass Screen Protector - Clear,1.6,0.46,3.99,2.99,1.99,1.99,1.89,1.79,1.99,1.89,1.79,1.99,1.89,1.79,1.99,1.89,1.79,1.99,1.89,1.79,1.99,1.89,1.79,1
ACC-ZED-797,Apple iPhone 7 Tempered Glass Screen Protector with Cleaning Kit - Pack of 25,45,6.9,29.95,,,,,,,,,,,,,,,,,,,,,1
ACC-ZED-798,Apple iPhone 7 Premium Shatter-Proof Tempered Glass Screen Protector - Clear,1.6,0.56,3.99,2.99,1.99,1.99,1.89,1.79,1.99,1.89,1.79,1.99,1.89,1.79,1.99,1.89,1.79,1.99,1.89,1.79,1.99,1.89,1.79,1
ACC-ZED-799,iPhone 7 Plus Tempered Glass Screen Protector,1.8,0.81,4.99,3.49,2.49,2.49,2.29,1.99,2.49,2.29,1.99,2.49,2.29,1.99,2.49,2.29,1.99,2.49,2.29,1.99,2.49,2.29,1.99,1
ACC-ZED-801,Apple iPhone 7 Plus Tempered Glass Screen Protector with Cleaning Kit - Pack of 25,0,0,29.95,,,,,,,,,,,,,,,,,,,,,1
BT-BP-30000,BinTEKÖ iPhone 3GS 1219mAH Li-Ion Premium Battery,20,5.48,7.99,7.79,7.49,7.99,7.79,7.49,7.99,7.79,7.49,7.99,7.79,7.49,7.99,7.79,7.49,7.99,7.79,7.49,7.99,7.79,7.49,1
BT-BP-30000K,BinTEKÖ iPhone 3GS 1219mAH Li-Ion Premium Battery with Tools,0,0,10.99,,,,,,,,,,,,,,,,,,,,,1
BT-BP-30002,BinTEKÖ iPhone 4 1420mAH Li-Ion Premium Battery,21,3.86,7.99,7.79,7.49,7.99,7.79,7.49,7.99,7.79,7.49,7.99,7.79,7.49,7.99,7.79,7.49,7.99,7.79,7.49,7.99,7.79,7.49,1
BT-BP-30002K,BinTEKÖ iPhone 4 1420mAH Li-Ion Premium Battery with Tools,0,0,10.99,,,,,,,,,,,,,,,,,,,,,1
BT-BP-30004,BinTEKÖ iPhone 4S 1430mAH Li-Ion Premium Battery,21,3.86,7.99,7.79,7.49,7.99,7.79,7.49,7.99,7.79,7.49,7.99,7.79,7.49,7.99,7.79,7.49,7.99,7.79,7.49,7.99,7.79,7.49,1
BT-BP-30004K,BinTEKÖ iPhone 4S 1430mAH Li-Ion Premium Battery with Tools,0,0,10.99,,,,,,,,,,,,,,,,,,,,,1
BT-BP-30006,BinTEKÖ iPhone 5 1440mAH mAH Li-Ion Premium Battery,3.3,3.62,7.99,7.79,7.49,7.99,7.79,7.49,7.99,7.79,7.49,7.99,7.79,7.49,7.99,7.79,7.49,7.99,7.79,7.49,7.99,7.79,7.49,1
BT-BP-30006K,BinTEKÖ iPhone 5 1440mAH mAH Li-Ion Premium Battery with Tools,0,0,10.99,,,,,,,,,,,,,,,,,,,,,
BT-BP-30008,BinTEKÖ iPhone 5S/5C 1560mAH Li-Ion Premium Battery,3.4,3.72,7.99,7.79,7.49,7.99,7.79,7.49,7.99,7.79,7.49,7.99,7.79,7.49,7.99,7.79,7.49,7.99,7.79,7.49,7.99,7.79,7.49,1
BT-BP-30008K,BinTEKÖ iPhone 5S/5C 1560mAH Li-Ion Premium Battery with Tools,0,0,10.99,,,,,,,,,,,,,,,,,,,,,1
BT-BP-30010,BinTEKÖ iPhone 6  1810mAH Li-Ion Premium Battery,3.14,3.46,8.99,8.79,8.49,8.99,8.79,8.49,8.99,8.79,8.49,8.99,8.79,8.49,8.99,8.79,8.49,8.99,8.79,8.49,8.99,8.79,8.49,1
BT-BP-30010K,BinTEKÖ iPhone 6 1810mAH Li-Ion Premium Battery with Tools,0,0,11.99,,,,,,,,,,,,,,,,,,,,,1
BT-BP-30012,BinTEKÖ iPod Touch 5  1030mAH Li-Ion Premium Battery,20,3.08,7.99,7.79,7.49,7.99,7.79,7.49,7.99,7.79,7.49,7.99,7.79,7.49,7.99,7.79,7.49,7.99,7.79,7.49,7.99,7.79,7.49,1
BT-BP-30012K,BinTEKÖ iPod Touch 5  1030mAH Li-Ion Premium Battery with Tools,0,0,10.99,,,,,,,,,,,,,,,,,,,,,1
BT-BP-30014,BinTEKÖ iPod Touch 2 789mAH Li-Ion Premium Battery,19,3.46,7.99,7.79,7.49,7.99,7.79,7.49,7.99,7.79,7.49,7.99,7.79,7.49,7.99,7.79,7.49,7.99,7.79,7.49,7.99,7.79,7.49,1
BT-BP-30014K,BinTEKÖ iPod Touch 2 789mAH Li-Ion Premium Battery with Tools,0,0,10.99,,,,,,,,,,,,,,,,,,,,,1
BT-BP-30016,BinTEKÖ HTC Droid Incredible 2 BG32100 1450mAH Li-Ion Premium Battery,0,0,7.99,7.79,7.49,7.99,7.79,7.49,7.99,7.79,7.49,7.99,7.79,7.49,7.99,7.79,7.49,7.99,7.79,7.49,7.99,7.79,7.49,1
BT-BP-30020,BinTEKÖ HTC myTouch 4G BD42100 1400mAH Li-Ion Premium Battery,11,2.54,7.99,7.79,7.49,7.99,7.79,7.49,7.99,7.79,7.49,7.99,7.79,7.49,7.99,7.79,7.49,7.99,7.79,7.49,7.99,7.79,7.49,1
BT-BP-30022,BinTEKÖ HTC Vivid BH39100 1620mAH Li-Ion Premium Battery,11,2.2,7.99,7.79,7.49,7.99,7.79,7.49,7.99,7.79,7.49,7.99,7.79,7.49,7.99,7.79,7.49,7.99,7.79,7.49,7.99,7.79,7.49,1
BT-BP-30024,BinTEKÖ HTC Droid Incredible 4G LTE BTR6410B 1700mAH Li-Ion Premium Battery,0,0,7.99,7.79,7.49,7.99,7.79,7.49,7.99,7.79,7.49,7.99,7.79,7.49,7.99,7.79,7.49,7.99,7.79,7.49,7.99,7.79,7.49,1
BT-BP-30026,BinTEKÖ HTC One M7 BN07100 2300mAH Li-Ion Premium Battery,16.5,3.07,9.99,9.78,9.49,9.99,9.78,9.49,9.99,9.78,9.49,9.99,9.78,9.49,9.99,9.78,9.49,9.99,9.78,9.49,9.99,9.78,9.49,1
BT-BP-30026K,BinTEKÖ HTC One M7 BN07100 2300mAH Li-Ion Premium Battery with Tools,0,0,13.99,,,,,,,,,,,,,,,,,,,,,1
BT-BP-30028,BinTEKÖ LG Esteem MS910 BF-45FNV 1500mAH Li-Ion Premium Battery,18,3.32,7.99,7.79,7.49,7.99,7.79,7.49,7.99,7.79,7.49,7.99,7.79,7.49,7.99,7.79,7.49,7.99,7.79,7.49,7.99,7.79,7.49,1
BT-BP-30030,BinTEKÖ LG Optimus 3D P920 Thrill P925 FL-53HN 1500mAH Li-Ion Premium Battery,20,3.58,7.99,7.79,7.49,7.99,7.79,7.49,7.99,7.79,7.49,7.99,7.79,7.49,7.99,7.79,7.49,7.99,7.79,7.49,7.99,7.79,7.49,1
BT-BP-30032,BinTEKÖ LG Spectrum VS920 BL-49KH 1830mAH Li-Ion Premium Battery,0,0,7.99,7.79,7.49,7.99,7.79,7.49,7.99,7.79,7.49,7.99,7.79,7.49,7.99,7.79,7.49,7.99,7.79,7.49,7.99,7.79,7.49,1
BT-BP-30034,BinTEKÖ LG Optimus 3D Max P9720 BL-48LN 1520mAH Li-Ion Premium Battery,14,2.66,7.99,7.79,7.49,7.99,7.79,7.49,7.99,7.79,7.49,7.99,7.79,7.49,7.99,7.79,7.49,7.99,7.79,7.49,7.99,7.79,7.49,1
BT-BP-30036,BinTEKÖ LG Optimus G E970 LS970 BL-T5 2100mAH Premium Battery,16,3.2,10.99,10.79,10.49,10.99,10.79,10.49,10.99,10.79,10.49,10.99,10.79,10.49,10.99,10.79,10.49,10.99,10.79,10.49,10.99,10.79,10.49,1
BT-BP-30036K,BinTEKÖ LG Optimus G E970 LS970 BL-T5 2100mAH Premium Battery with Tools,0,0,14.99,,,,,,,,,,,,,,,,,,,,,1
BT-BP-30038,BinTEKÖ Motorola Atrix 4G MB860 BH6X 1880mAH Li-Ion Premium Battery,0,0,7.99,7.79,7.49,7.99,7.79,7.49,7.99,7.79,7.49,7.99,7.79,7.49,7.99,7.79,7.49,7.99,7.79,7.49,7.99,7.79,7.49,1
BT-BP-30040,BinTEKÖ Motorola Droid Razr M/Droid Mini XT907 XT905 XT890 XT1030 EG30 2000mAH Li-Ion Premium Battery,23,4.21,10.99,10.79,10.49,10.99,10.79,10.49,10.99,10.79,10.49,10.99,10.79,10.49,10.99,10.79,10.49,10.99,10.79,10.49,10.99,10.79,10.49,1
BT-BP-30040K,BinTEKÖ Motorola Droid Razr M XT907 XT905 XT890 EG30 1940mAH Li-Ion Premium Battery with Tools,0,0,16.99,,,,,,,,,,,,,,,,,,,,,1
BT-BP-30042,BinTEKÖ Motorola Droid Razr MAXX XT912 EB40 3200mAH Li-Ion Premium Battery,19,3.55,10.99,10.79,10.49,10.99,10.79,10.49,10.99,10.79,10.49,10.99,10.79,10.49,10.99,10.79,10.49,10.99,10.79,10.49,10.99,10.79,10.49,1
BT-BP-30042K,BinTEKÖ Motorola Droid Razr MAXX XT926 EB40 3200mAH Li-Ion Premium Battery with Tools,0,0,16.99,,,,,,,,,,,,,,,,,,,,,1
BT-BP-30044,BinTEKÖ Motorola Droid 4 XT894 XT897 Photon Q EB41 1750mAH Lion Premium Battery,20,3.88,10.99,10.79,10.49,10.99,10.79,10.49,10.99,10.79,10.49,10.99,10.79,10.49,10.99,10.79,10.49,10.99,10.79,10.49,10.99,10.79,10.49,1
BT-BP-30044K,BinTEKÖ Motorola Droid 4 XT894 XT897 Photon Q EB41 1750mAH Lion Premium Battery with Tools,0,0,14.99,,,,,,,,,,,,,,,,,,,,,
BT-BP-30046,BinTEKÖ Motorola Droid MAXX XT1080M XT1080 EU40 3500mAH Li-Ion Premium Battery,26,4.63,13.99,13.79,13.49,13.99,13.79,13.49,13.99,13.79,13.49,13.99,13.79,13.49,13.99,13.79,13.49,13.99,13.79,13.49,13.99,13.79,13.49,1
BT-BP-30046K,BinTEKÖ Motorola Droid MAXX XT1080M XT1080 EU40 3500mAH Li-Ion Premium Battery with Tools,0,0,17.99,,,,,,,,,,,,,,,,,,,,,1
BT-BP-30050,BinTEKÖ Samsung Galaxy S Epic D700 EB575152LU 1650mAH Li-Ion Li-Ion Premium Battery,0,0,7.99,7.79,7.49,7.99,7.79,7.49,7.99,7.79,7.49,7.99,7.79,7.49,7.99,7.79,7.49,7.99,7.79,7.49,7.99,7.79,7.49,1
BT-BP-30052,BinTEKÖ Samsung Galaxy Nexus i9250 EB-L1F2HVU 1750mAH Li-Ion Premium Battery,14,2.7,7.99,7.79,7.49,7.99,7.79,7.49,7.99,7.79,7.49,7.99,7.79,7.49,7.99,7.79,7.49,7.99,7.79,7.49,7.99,7.79,7.49,1
BT-BP-30054,BinTEKÖ Samsung Galaxy Note i717 N7000 i9220 2500mAH Li-Ion Premium Battery,16,3.29,9.99,9.78,9.49,9.99,9.78,9.49,9.99,9.78,9.49,9.99,9.78,9.49,9.99,9.78,9.49,9.99,9.78,9.49,9.99,9.78,9.49,1
BT-BP-30056,BinTEKÖ Samsung Galaxy S i9000 i9000M i9008 EB575152VU 1500mAH Li-Ion Premium Battery,13,2.02,7.99,7.79,7.49,7.99,7.79,7.49,7.99,7.79,7.49,7.99,7.79,7.49,7.99,7.79,7.49,7.99,7.79,7.49,7.99,7.79,7.49,1
BT-BP-30058,BinTEKÖ Samsung Galaxy Note 2 EB59567LU 3100mAH Li-Ion Premium Battery,18,3.3,9.99,9.78,9.49,9.99,9.78,9.49,9.99,9.78,9.49,9.99,9.78,9.49,9.99,9.78,9.49,9.99,9.78,9.49,9.99,9.78,9.49,1
BT-BP-30060,BinTEKÖ Samsung Galaxy S3 EB-L1G6LLU 2100mAH Li-Ion Premium Battery,15,2.8,7.99,7.79,7.49,7.99,7.79,7.49,7.99,7.79,7.49,7.99,7.79,7.49,7.99,7.79,7.49,7.99,7.79,7.49,7.99,7.79,7.49,1
BT-BP-30062,BinTEKÖ Samsung Galaxy S5 EB-BG900BBC 2800mAH Li-Ion Premium Battery,18,3.3,7.99,7.79,7.49,7.99,7.79,7.49,7.99,7.79,7.49,7.99,7.79,7.49,7.99,7.79,7.49,7.99,7.79,7.49,7.99,7.79,7.49,1
BT-BP-30064,BinTEKÖ Samsung Note 4 EB-KN910BWEGW 3220mAH Li-Ion Premium Battery (With NFC),40,6.78,12.99,12.79,12.49,12.99,12.79,12.49,12.99,12.79,12.49,12.99,12.79,12.49,12.99,12.79,12.49,12.99,12.79,12.49,12.99,12.79,12.49,1
BT-BP-30066,BinTEKÖ HTC One M8 2600mAH Li-Ion Premium Battery,23,3.92,13.99,13.79,13.49,13.99,13.79,13.49,13.99,13.79,13.49,13.99,13.79,13.49,13.99,13.79,13.49,13.99,13.79,13.49,13.99,13.79,13.49,1
BT-BP-30066K,BinTEKÖ HTC One M8 B0P6B100 2600mAH Li-Polymer Premium Battery with Tools,0,0,17.99,,,,,,,,,,,,,,,,,,,,,1
BT-BP-30068,BinTEKÖ Samsung Note 3 B800BE 3200mAH Li-Ion Premium Battery,18,3.9,9.99,9.78,9.49,9.99,9.78,9.49,9.99,9.78,9.49,9.99,9.78,9.49,9.99,9.78,9.49,9.99,9.78,9.49,9.99,9.78,9.49,1
BT-BP-30070,BinTEKÖ LG Nexus 5 BL-T9 2100mAH Li-Ion Premium Battery,16,2.84,10.99,10.79,10.49,10.99,10.79,10.49,10.99,10.79,10.49,10.99,10.79,10.49,10.99,10.79,10.49,10.99,10.79,10.49,10.99,10.79,10.49,1
BT-BP-30070K,BinTEKÖ LG Nexus 5 BL-T9 2100mAH Li-Ion Premium Battery with Tools,0,0,13.99,,,,,,,,,,,,,,,,,,,,,1
BT-BP-30072,BinTEKÖ  Motorola Moto G XT1032 XT1033 XT1036 ED30 2010mAH Li-Ion Premium Battery,22,4.18,13.99,13.79,13.49,13.99,13.79,13.49,13.99,13.79,13.49,13.99,13.79,13.49,13.99,13.79,13.49,13.99,13.79,13.49,13.99,13.79,13.49,1
BT-BP-30072K,BinTEKÖ Motorola Moto G ED30 XT1032 XT1033 XT1036 2010mAH Li-Ion Premium Battery with Tools,0,0,17.99,,,,,,,,,,,,,,,,,,,,,1
BT-BP-30074,BinTEK iPhone 6 Plus 2915 mAH Li-Polymer Premium Battery,3.5,3.82,9.99,9.78,9.49,9.99,9.78,9.49,9.99,9.78,9.49,9.99,9.78,9.49,9.99,9.78,9.49,9.99,9.78,9.49,9.99,9.78,9.49,1
BT-BP-30074K,BinTEKÖ iPhone 6 Plus 2915 mAH Li-Polymer Premium Battery with Tools,0,0,13.99,0,0,0,0,0,0,0,0,0,0,0,0,0,0,0,0,0,0,0,0,1
BT-BP-30076,BinTEKÖ Samsung Galaxy S4 B600BE 2600mAH Li-Ion Premium Battery,15,3.14,7.99,7.79,7.49,7.99,7.79,7.49,7.99,7.79,7.49,7.99,7.79,7.49,7.99,7.79,7.49,7.99,7.79,7.49,7.99,7.79,7.49,1
BT-BP-30078,BinTEKÖ Samsung Galaxy Note Edge N9150 N915K N915L EB-BN915BBC 3000mAH Li-Ion Premium Battery,20,3.61,9.99,9.78,9.49,9.99,9.78,9.49,9.99,9.78,9.49,9.99,9.78,9.49,9.99,9.78,9.49,9.99,9.78,9.49,9.99,9.78,9.49,1
BT-BP-30080,BinTEKÖ Samsung Galaxy S5 Mini EB-BG800BBE 2100mAH Li-Ion Premium Battery,15,3.14,7.99,7.79,7.49,7.99,7.79,7.49,7.99,7.79,7.49,7.99,7.79,7.49,7.99,7.79,7.49,7.99,7.79,7.49,7.99,7.79,7.49,1
BT-BP-30082,BinTEKÖ LG G3 VS985 F400 D850 D855 BL-53YH 3000mAH Li-Ion Premium Battery,31,5.15,9.99,9.78,9.49,9.99,9.78,9.49,9.99,9.78,9.49,9.99,9.78,9.49,9.99,9.78,9.49,9.99,9.78,9.49,9.99,9.78,9.49,1
BT-BP-30084,BinTEKÖ LG G2 Mini D618 D620 BL-59UH 2440mAh Li-Ion Premium Battery,20,4.2,8.99,8.79,8.49,8.99,8.79,8.49,8.99,8.79,8.49,8.99,8.79,8.49,8.99,8.79,8.49,8.99,8.79,8.49,8.99,8.79,8.49,1
BT-BP-30086,BinTEKÖ LG Optimus L70 D320 BL-52UH 2100mAH Li-Ion Premium Battery,20,3.46,8.99,8.79,8.49,8.99,8.79,8.49,8.99,8.79,8.49,8.99,8.79,8.49,8.99,8.79,8.49,8.99,8.79,8.49,8.99,8.79,8.49,1
BT-BP-30088,BinTEKÖ LG Optimus F7 P698 US870 LG870 BL-54SH 2540mAH Li-Ion Premium Battery,25,3.85,8.99,8.79,8.49,8.99,8.79,8.49,8.99,8.79,8.49,8.99,8.79,8.49,8.99,8.79,8.49,8.99,8.79,8.49,8.99,8.79,8.49,1
BT-BP-30090,BinTEKÖ LG Motion 4G MS770 Venice Optimus L7 P700 BL-44JH 1700mAH Li-Ion Premium Battery,12.5,2.59,7.99,7.79,7.49,7.99,7.79,7.49,7.99,7.79,7.49,7.99,7.79,7.49,7.99,7.79,7.49,7.99,7.79,7.49,7.99,7.79,7.49,1
BT-BP-30092,BinTEKÖ Motorola Razr XT910 Motorola Droid Razr XT912 EB20 1750mAH Li-Polymer Premium Battery,21,4.03,12.99,12.79,12.49,12.99,12.79,12.49,12.99,12.79,12.49,12.99,12.79,12.49,12.99,12.79,12.49,12.99,12.79,12.49,12.99,12.79,12.49,1
BT-BP-30092K,BinTEKÖ Motorola Razr XT910 Motorola Droid Razr XT912 EB20 1750mAH Li-Polymer Premium Battery with Tools,0,0,16.99,0,0,0,0,0,0,0,0,0,0,0,0,0,0,0,0,0,0,0,0,1
BT-BP-30094,BinTEKÖ Motorola Moto X XT1056 XT1058 XT1060 XT912A EX34 2200mAH Li-Polymer Premium Battery,22,4.01,13.99,13.79,13.49,13.99,13.79,13.49,13.99,13.79,13.49,13.99,13.79,13.49,13.99,13.79,13.49,13.99,13.79,13.49,13.99,13.79,13.49,1
BT-BP-30094K,BinTEKÖ Motorola Moto X XT1056 XT1058 XT1060 XT912A EX34 2200mAH Li-Polymer Premium Battery with Tools,0,0,17.99,0,0,0,0,0,0,0,0,0,0,0,0,0,0,0,0,0,0,0,0,1
BT-BP-30096,BinTEKÖ ZTE Zinger Z667 Z667G 1500mAH Li-Ion Premium Battery,2.08,2.64,7.99,7.79,7.49,7.99,7.79,7.49,7.99,7.79,7.49,7.99,7.79,7.49,7.99,7.79,7.49,7.99,7.79,7.49,7.99,7.79,7.49,1
BT-BP-30098,BinTEKÖ ZTE Warp Sequent N861 1600mAH Li-Ion Premium Battery,12,2.39,7.99,7.79,7.49,7.99,7.79,7.49,7.99,7.79,7.49,7.99,7.79,7.49,7.99,7.79,7.49,7.99,7.79,7.49,7.99,7.79,7.49,1
BT-BP-30100,BinTEKÖ ZTE Speed N9130 2000mAH Li-Polymer Premium Battery,23,4.09,7.99,7.79,7.49,7.99,7.79,7.49,7.99,7.79,7.49,7.99,7.79,7.49,7.99,7.79,7.49,7.99,7.79,7.49,7.99,7.79,7.49,1
BT-BP-30100K,BinTEKÖ ZTE Speed N9130 2000mAH Li-Polymer Premium Battery with Tools,0,0,9.99,9.78,9.49,9.99,9.78,9.49,9.99,9.78,9.49,9.99,9.78,9.49,9.99,9.78,9.49,9.99,9.78,9.49,9.99,9.78,9.49,1
BT-BP-30102,BinTEK Nokia Lumia 521 5228 5230 Nuron 5235 5800 XpressMusic N900 C3 X6 BL-5J 1320mAH Premium Li-Ion Battery,12,2.39,7.99,7.79,7.49,7.99,7.79,7.49,7.99,7.79,7.49,7.99,7.79,7.49,7.99,7.79,7.49,7.99,7.79,7.49,7.99,7.79,7.49,1
BT-BP-30104,BinTEKÖ Nokia Lumia 635 630 636 638 BL-5H 1830mAH Li-Ion Premium Battery,20,3.88,7.99,7.79,7.49,7.99,7.79,7.49,7.99,7.79,7.49,7.99,7.79,7.49,7.99,7.79,7.49,7.99,7.79,7.49,7.99,7.79,7.49,1
BT-BP-30106,BinTEKÖ HTC Desire 601 BM65100 2100mAH Li-Ion Premium Battery,4.2,6.32,12.99,12.79,12.49,12.99,12.79,12.49,12.99,12.79,12.49,12.99,12.79,12.49,12.99,12.79,12.49,12.99,12.79,12.49,12.99,12.79,12.49,1
BT-BP-30108,BinTEKÖ LG Optimus L9 P769 BL-53QH 2150mAH Li-Ion Premium Battery,16,3.29,9.99,9.78,9.49,9.99,9.78,9.49,9.99,9.78,9.49,9.99,9.78,9.49,9.99,9.78,9.49,9.99,9.78,9.49,9.99,9.78,9.49,1
BT-BP-30110,BinTEKÖ LG L7 II VS870 BL-59JH 2460mAH Li-Ion Premium Battery,19,3.47,9.99,9.78,9.49,9.99,9.78,9.49,9.99,9.78,9.49,9.99,9.78,9.49,9.99,9.78,9.49,9.99,9.78,9.49,9.99,9.78,9.49,1
BT-BP-30112,BinTEKÖ  LG Optimus G Pro E980 F240/BL-48TH BinTEKÖ 3140mAH Li-Ion Premium Battery,23,4.16,9.99,9.78,9.49,9.99,9.78,9.49,9.99,9.78,9.49,9.99,9.78,9.49,9.99,9.78,9.49,9.99,9.78,9.49,9.99,9.78,9.49,1
BT-BP-30114,BinTEKÖ LG Optimus G2 /BL-54SG F320 2610mAH Li-Ion Premium Battery,20,3.7,8.99,8.79,8.49,8.99,8.79,8.49,8.99,8.79,8.49,8.99,8.79,8.49,8.99,8.79,8.49,8.99,8.79,8.49,8.99,8.79,8.49,1
BT-BP-30116,BinTEKÖ LG Volt LS740/BL-64SH 3000mAH Li-Ion Premium Battery,3.71,5.83,8.99,8.79,8.49,8.99,8.79,8.49,8.99,8.79,8.49,8.99,8.79,8.49,8.99,8.79,8.49,8.99,8.79,8.49,8.99,8.79,8.49,1
BT-BP-30118,BinTEKÖ LG Optimus F60/BL-41A1H 2020mAH Li-Ion Premium Battery,18,3.15,7.99,7.79,7.49,7.99,7.79,7.49,7.99,7.79,7.49,7.99,7.79,7.49,7.99,7.79,7.49,7.99,7.79,7.49,7.99,7.79,7.49,1
BT-BP-30120,BinTEKÖ Motorola Droid Ultra XT1080 EU20 2130mAH Li-Polymer Premium Battery,27,6.53,14.99,14.79,14.49,14.99,14.79,14.49,14.99,14.79,14.49,14.99,14.79,14.49,14.99,14.79,14.49,14.99,14.79,14.49,14.99,14.79,14.49,1
BT-BP-30120K,BinTEKÖ Motorola Droid Ultra XT1080 EU20 2130mAH Li-Polymer Premium Battery with Tools,0,0,18.99,,,,,,,,,,,,,,,,,,,,,1
BT-BP-30122,BinTEKÖ Motorola Droid Razr HD EV30 2460mAH Li-Polymer Premium Battery,26,5.09,12.99,12.79,12.49,12.99,12.79,12.49,12.99,12.79,12.49,12.99,12.79,12.49,12.99,12.79,12.49,12.99,12.79,12.49,12.99,12.79,12.49,1
BT-BP-30122K,BinTEKÖ Motorola Droid Razr HD EV30 2460mAH Li-Polymer Premium Battery with Tools,0,0,16.99,,,,,,,,,,,,,,,,,,,,,1
BT-BP-30124,BinTEKÖ Motorola Droid Razr Maxx HD XT926 EV40 3300mAH Li-Polymer Premium Battery,24,4.48,12.99,12.79,12.49,12.99,12.79,12.49,12.99,12.79,12.49,12.99,12.79,12.49,12.99,12.79,12.49,12.99,12.79,12.49,12.99,12.79,12.49,1
BT-BP-30124K,BinTEKÖ Motorola Droid Razr Maxx HD XT926 EV40 3300mAH Li-Polymer Premium Battery with Tools,0,0,16.99,,,,,,,,,,,,,,,,,,,,,1
BT-BP-30126K,BinTEKÖ Motorola Moto G XT1031 XT1032 XT1033 ED30 2070mAH Li-Polymer Premium Battery with Tools,0,0,16.99,,,,,,,,,,,,,,,,,,,,,1
BT-BP-30128,BinTEKÖ Motorola HP6X 1550mAH Li-Ion Premium Battery,3.2,4.07,7.99,7.79,7.49,7.99,7.79,7.49,7.99,7.79,7.49,7.99,7.79,7.49,7.99,7.79,7.49,7.99,7.79,7.49,7.99,7.79,7.49,1
BT-BP-30130,BinTEKÖ Motorola Moto E XT1021 XT1022 XT1025 EL40/BL40 2000mAH Li-Polymer Premium Battery,20,3.11,12.99,12.79,12.49,12.99,12.79,12.49,12.99,12.79,12.49,12.99,12.79,12.49,12.99,12.79,12.49,12.99,12.79,12.49,12.99,12.79,12.49,1
BT-BP-30130K,BinTEKÖ Motorola Moto E XT1021 XT1022 XT1025 EL40/BL40 2000mAH Li-Polymer Premium Battery with Tools,0,0,15.99,,,,,,,,,,,,,,,,,,,,,1
BT-BP-30132,BinTEKÖ Motorola Droid Turbo XT1254 EQ40 3900mAH Li-Polymer Premium Battery,26,4.78,12.99,12.79,12.49,12.99,12.79,12.49,12.99,12.79,12.49,12.99,12.79,12.49,12.99,12.79,12.49,12.99,12.79,12.49,12.99,12.79,12.49,1
BT-BP-30132K,BinTEKÖ Motorola Droid Turbo XT1254 EQ40 3900mAH Li-Polymer Premium Battery with Tools,0,0,15.99,,,,,,,,,,,,,,,,,,,,,1
BT-BP-30134,BinTEKÖ Motorola Moto X 2nd Gen EY30 2300mAH Li-Polymer Premium Battery,25,4.47,12.99,12.79,12.49,12.99,12.79,12.49,12.99,12.79,12.49,12.99,12.79,12.49,12.99,12.79,12.49,12.99,12.79,12.49,12.99,12.79,12.49,1
BT-BP-30134K,BinTEKÖ Motorola Moto X 2nd Gen EY30 2300mAH Li-Polymer Premium Battery with Tools,0,0,15.99,0,0,0,0,0,0,0,0,0,0,0,0,0,0,0,0,0,0,0,0,1
BT-BP-30136,BinTEKÖ Samsung P1000/Tab 4000mAH Li-Polymer Premium Battery,22,5.09,15.99,15.79,15.49,15.99,15.79,15.49,15.99,15.79,15.49,15.99,15.79,15.49,15.99,15.79,15.49,15.99,15.79,15.49,15.99,15.79,15.49,1
BT-BP-30136K,BinTEKÖ Samsung P1000/Tab 4000mAH Li-Polymer Premium Battery with Tools,0,0,19.99,,,,,,,,,,,,,,,,,,,,,1
BT-BP-30138,BinTEKÖ Samsung Galaxy Tab 3 10.1 P5200 6800mAH Li-Polymer Premium Battery,35,7.72,17.99,17.79,17.49,17.99,17.79,17.49,17.99,17.79,17.49,17.99,17.79,17.49,17.99,17.79,17.49,17.99,17.79,17.49,17.99,17.79,17.49,1
BT-BP-30138K,BinTEKÖ Samsung Galaxy Tab 3 10.1 P5200 6800mAH Li-Polymer Premium Battery with Tools,0,0,21.99,,,,,,,,,,,,,,,,,,,,,
BT-BP-30140,BinTEKÖ Samsung Galaxy Tab 10.1 P7500/Note 10.1 N8000 7000mAH Li-Polymer Premium Battery,38,6.32,15.99,15.79,15.49,15.99,15.79,15.49,15.99,15.79,15.49,15.99,15.79,15.49,15.99,15.79,15.49,15.99,15.79,15.49,15.99,15.79,15.49,1
BT-BP-30140K,BinTEKÖ Samsung Galaxy Tab 10.1 P7500 7000mAH Li-Polymer Premium Battery with Tools,0,0,18.99,,,,,,,,,,,,,,,,,,,,,1
BT-BP-30142,BinTEKÖ Samsung Galaxy Note 8.0 N5100 SGH-i467 4600mAH Li-Polymer Premium Battery,29,6.28,15.99,15.79,15.49,15.99,15.79,15.49,15.99,15.79,15.49,15.99,15.79,15.49,15.99,15.79,15.49,15.99,15.79,15.49,15.99,15.79,15.49,1
BT-BP-30142K,BinTEKÖ Samsung Galaxy Note 8.0 N5100 SGH-i467 4600mAH Li-Polymer Premium Battery with Tools,0,0,18.99,,,,,,,,,,,,,,,,,,,,,
BT-BP-30144,BinTEKÖ Samsung Galaxy Tab 3 Lite T110 3600mAH Li-Polymer Premium Battery,22,4.12,13.99,13.79,13.49,13.99,13.79,13.49,13.99,13.79,13.49,13.99,13.79,13.49,13.99,13.79,13.49,13.99,13.79,13.49,13.99,13.79,13.49,1
BT-BP-30144K,BinTEKÖ Samsung Galaxy Tab 3 Lite T110 3600mAH Li-Polymer Premium Battery with Tools,0,0,17.99,,,,,,,,,,,,,,,,,,,,,1
BT-BP-30146,BinTEKÖ Samsung  Galaxy Note 10.1 2014 Edition P600 8220mAH Li-Polymer Premium Battery,36.5,7.95,18.99,18.79,18.49,18.99,18.79,18.49,18.99,18.79,18.49,18.99,18.79,18.49,18.99,18.79,18.49,18.99,18.79,18.49,18.99,18.79,18.49,1
BT-BP-30146K,BinTEK Samsung Galaxy Note 10.1 2014 Edition P600 8220mAH Li-Poly Premium Battery with Tools,0,0,22.99,,,,,,,,,,,,,,,,,,,,,1
BT-BP-30148,BinTEKÖ Samsung Galaxy Tab 4 T331 4450mAH Li-Polymer Premium Battery,27,6.53,15.99,15.79,15.49,15.99,15.79,15.49,15.99,15.79,15.49,15.99,15.79,15.49,15.99,15.79,15.49,15.99,15.79,15.49,15.99,15.79,15.49,1
BT-BP-30148K,BinTEKÖ Samsung Galaxy Tab 4 T331 4450mAH Li-Polymer Premium Battery with Tools,0,0,19.99,,,,,,,,,,,,,,,,,,,,,1
BT-BP-30150K,BinTEKÖ Samsung Galaxy Tab 4 10.1/T530 6800mAH Li-Polymer Premium Battery with Tools,0,0,19.99,,,,,,,,,,,,,,,,,,,,,1
BT-BP-30152,BinTEKÖ Samsung Galaxy Tab 8.9 P7300 6100mAH Li-Polymer Premium Battery,8.45,9.32,22.99,22.79,22.49,22.99,22.79,22.49,22.99,22.79,22.49,22.99,22.79,22.49,22.99,22.79,22.49,22.99,22.79,22.49,22.99,22.79,22.49,1
BT-BP-30152K,BinTEKÖ Samsung Galaxy Tab 8.9 P7300 6100mAH Li-Polymer Premium Battery with Tools,0,0,26.99,,,,,,,,,,,,,,,,,,,,,1
BT-BP-30154,BinTEKÖ Samsung S6 2550mAH Li-Polymer Premium Battery,19,3.55,10.99,10.79,10.49,10.99,10.79,10.49,10.99,10.79,10.49,10.99,10.79,10.49,10.99,10.79,10.49,10.99,10.79,10.49,10.99,10.79,10.49,1
BT-BP-30154K,BinTEKÖ Samsung S6 2550mAH Li-Polymer Premium Battery with Tools,0,0,14.99,,,,,,,,,,,,,,,,,,,,,
BT-BP-30156,BinTEKÖ Samsung Galaxy S6 Edge 2600mAH Li-Polymer Premium Battery,25,4.94,12.99,12.79,12.49,12.99,12.79,12.49,12.99,12.79,12.49,12.99,12.79,12.49,12.99,12.79,12.49,12.99,12.79,12.49,12.99,12.79,12.49,1
BT-BP-30156K,BinTEKÖ Samsung S6 Edge 2600mAH Li-Polymer Premium Battery with Tools,0,0,16.99,,,,,,,,,,,,,,,,,,,,,1
BT-BP-30158,BinTEKÖ iPod Touch 4 980mAH Li-Polymer Premium Battery,20,3.88,8.99,8.79,8.49,8.99,8.79,8.49,8.99,8.79,8.49,8.99,8.79,8.49,8.99,8.79,8.49,8.99,8.79,8.49,8.99,8.79,8.49,1
BT-BP-30158K,BinTEKÖ iPod Touch 4 980mAH Li-Polymer Premium Battery with Tools,0,0,11.99,,,,,,,,,,,,,,,,,,,,,1
BT-BP-30164,BinTEKÖ LG Optimus G2 BL-T7 3000mAH Li-Polymer Premium Battery,16,2.84,7.99,7.79,7.49,7.99,7.79,7.49,7.99,7.79,7.49,7.99,7.79,7.49,7.99,7.79,7.49,7.99,7.79,7.49,7.99,7.79,7.49,1
BT-BP-30164K,BinTEKÖ LG Optimus G2 BL-T7 3000mAH Li-Polymer Premium Battery with Tools,0,0,10.99,,,,,,,,,,,,,,,,,,,,,1
BT-BP-30165,BinTEKÖ LG G Pad V500 BL-T10 4600mAH Li-Polymer Premium Battery,58,10.66,22.99,22.79,22.49,22.99,22.79,22.49,22.99,22.79,22.49,22.99,22.79,22.49,22.99,22.79,22.49,22.99,22.79,22.49,22.99,22.79,22.49,1
BT-BP-30165K,BinTEKÖ LG G Pad V500 BL-T10 4600mAH Li-Polymer Premium Battery with Tools,0,0,25.99,0,0,0,0,0,0,0,0,0,0,0,0,0,0,0,0,0,0,0,0,1
BT-BP-30166,BinTEKÖ LG Optimus Pad V900 6400mAH Li-Polymer Premium Battery,10.33,11.2,24.99,24.79,24.49,24.99,24.79,24.49,24.99,24.79,24.49,24.99,24.79,24.49,24.99,24.79,24.49,24.99,24.79,24.49,24.99,24.79,24.49,1
BT-BP-30166K,BinTEKÖ LG Optimus Pad V900 6400mAH Li-Polymer Premium Battery with Tools,0,0,27.99,,,,,,,,,,,,,,,,,,,,,1
BT-BP-30167,BinTEKÖ Asus Nexus 7 4270mAH Li-Polymer Premium Battery,35,7.72,18.99,18.79,18.49,18.99,18.79,18.49,18.99,18.79,18.49,18.99,18.79,18.49,18.99,18.79,18.49,18.99,18.79,18.49,18.99,18.79,18.49,1
BT-BP-30167K,BinTEKÖ Asus Nexus 7 4270mAH Li-Polymer Premium Battery with Tools,0,0,21.99,,,,,,,,,,,,,,,,,,,,,1
BT-BP-30168,BinTEKÖ Asus Nexus 7 2nd Generation 3950mAH Li-Polymer Premium Battery,35,6.44,16.99,16.79,16.49,16.99,16.79,16.49,16.99,16.79,16.49,16.99,16.79,16.49,16.99,16.79,16.49,16.99,16.79,16.49,16.99,16.79,16.49,1
BT-BP-30168K,BinTEKÖ Asus Nexus 7 2nd Generation 3950mAH Li-Polymer Premium Battery with Tools,0,0,19.99,,,,,,,,,,,,,,,,,,,,,1
BT-BP-30172,BinTEKÖ Samsung Tab 4 T230 4000mAH Li-Polymer Premium Battery,25,6.23,17.99,17.79,17.49,17.99,17.79,17.49,17.99,17.79,17.49,17.99,17.79,17.49,17.99,17.79,17.49,17.99,17.79,17.49,17.99,17.79,17.49,1
BT-BP-30172K,BinTEKÖ Samsung Tab 4 T230 4000mAH Li-Polymer Premium Battery with Tools,0,0,20.99,,,,,,,,,,,,,,,,,,,,,1
BT-BP-30173,BinTEKÖ Samsung Tab 4 T330 4450mAH Li-Polymer Premium Battery,39,7.7,18.99,18.79,18.49,18.99,18.79,18.49,18.99,18.79,18.49,18.99,18.79,18.49,18.99,18.79,18.49,18.99,18.79,18.49,18.99,18.79,18.49,1
BT-BP-30173K,BinTEKÖ Samsung Tab 4 T330 4450mAH Li-Polymer Premium Battery with Tools,0,0,21.99,,,,,,,,,,,,,,,,,,,,,1
BT-BP-30178,BinTEKÖ Samsung Galaxy Tab S T700 4900mAH Li-Polymer Premium Battery,38,7.42,18.99,18.79,18.49,18.99,18.79,18.49,18.99,18.79,18.49,18.99,18.79,18.49,18.99,18.79,18.49,18.99,18.79,18.49,18.99,18.79,18.49,1
BT-BP-30178K,BinTEKÖ Samsung Galaxy Tab S T700 4900mAH Li-Polymer Premium Battery with Tools,0,0,21.99,,,,,,,,,,,,,,,,,,,,,1
BT-BP-30180,BinTEKÖ Sony XPeria Z L36H 2330mAh Li-Polymer Premium Battery,18,5.19,15.99,15.79,15.49,15.99,15.79,15.49,15.99,15.79,15.49,15.99,15.79,15.49,15.99,15.79,15.49,15.99,15.79,15.49,15.99,15.79,15.49,1
BT-BP-30180K,BinTEKÖ Sony XPeria Z L36H 2330mAh Li-Polymer Premium Battery with Premium Tool Kit,0,0,18.99,,,,,,,,,,,,,,,,,,,,,1
BT-BP-30182,BINTEKÖ Sony L39h Xperia Z1 C6902 C6903 C6906 3000 mAH Li-Polymer Premium Battery,19,5.33,15.99,15.79,15.49,15.99,15.79,15.49,15.99,15.79,15.49,15.99,15.79,15.49,15.99,15.79,15.49,15.99,15.79,15.49,15.99,15.79,15.49,1
BT-BP-30182K,BINTEKÖ Sony L39h Xperia Z1 C6902 C6903 C6906 3000 mAH Li-Polymer Premium Battery with Tools,0,0,18.99,0,0,0,0,0,0,0,0,0,0,0,0,0,0,0,0,0,0,0,0,1
BT-BP-30184,BINTEKÖ Sony Xperia Z3 Dual Battery 3100 mAH Li-Polymer Premium Battery,18,3.4,8.99,8.79,8.49,8.99,8.79,8.49,8.99,8.79,8.49,8.99,8.79,8.49,8.99,8.79,8.49,8.99,8.79,8.49,8.99,8.79,8.49,1
BT-BP-30184K,BINTEKÖ Sony Xperia Z3 Dual Battery 3100 mAH Li-Polymer Premium Battery with Tools,0,0,11.99,,,,,,,,,,,,,,,,,,,,,1
BT-BP-30186,BINTEKÖ Sony Xperia Z3v Dual Battery 3200 mAH Li-Polymer Premium Battery,21,3.86,8.99,8.79,8.49,8.99,8.79,8.49,8.99,8.79,8.49,8.99,8.79,8.49,8.99,8.79,8.49,8.99,8.79,8.49,8.99,8.79,8.49,1
BT-BP-30186K,BINTEKÖ Sony Xperia Z3v Dual Battery 3200 mAH Li-Polymer Premium Battery with Tools,0,0,11.99,,,,,,,,,,,,,,,,,,,,,1
BT-BP-30188,BinTEKÖ Samsung Tab Pro 8.4 T320 T321 T325 T4800e 4800mAH Li-Polymer Premium Battery,28,4.87,13.99,13.79,13.49,13.99,13.79,13.49,13.99,13.79,13.49,13.99,13.79,13.49,13.99,13.79,13.49,13.99,13.79,13.49,13.99,13.79,13.49,1
BT-BP-30196,BinTEKÖ iPhone 6S Plus 2750mAH Li-Po Premium Battery ,32,7.27,15.99,15.79,15.49,15.99,15.79,15.49,15.99,15.79,15.49,15.99,15.79,15.49,15.99,15.79,15.49,15.99,15.79,15.49,15.99,15.79,15.49,1
BT-BP-30198,BinTEK Samsung Galaxy Tab Active EB-BT365BBC 4450mAh Premium Battery,65,10.91,22.99,22.79,22.49,22.99,22.79,22.49,22.99,22.79,22.49,22.99,22.79,22.49,22.99,22.79,22.49,22.99,22.79,22.49,22.99,22.79,22.49,1
BT-BP-30200,BinTEKÖ LG Leon BL-41ZH 1820mAh Li-Ion Premium Battery,19,2.95,7.99,7.79,7.49,7.99,7.79,7.49,7.99,7.79,7.49,7.99,7.79,7.49,7.99,7.79,7.49,7.99,7.79,7.49,7.99,7.79,7.49,1
BT-BP-30202,BinTEKÖ Samsung Ativ Pro AA-PLZN4NP 6540mAh Li-Polymer Premium Battery,150,23.08,33.99,32.31,32.08,0,31.16,30.93,0,0,0,0,30.7,30.47,0,30.47,30.23,0,30.09,29.79,0,29.77,29.54,"0,,,,,"
,,,,,,,,,,,,,,,,,,,,,,,,,
BT-BP-30204,BinTEKÖ iPod Touch 6 1043mAH Li-Polymer Premium Battery,33,5.6,15.99,15.79,15.49,15.99,15.79,15.49,15.99,15.79,15.49,15.99,15.79,15.49,15.99,15.79,15.49,15.99,15.79,15.49,15.99,15.79,15.49,1
,,,,,,,,,,,,,,,,,,,,,,,,,
BT-BP-30206,BinTEKÖ Apple iPad 1 6600mAH Li-Polymer Premium Battery,43,8.03,16.99,16.79,16.49,16.99,16.79,16.49,16.99,16.79,16.49,16.99,16.79,16.49,16.99,16.79,16.49,16.99,16.79,16.49,16.99,16.79,16.49,1
,,,,,,,,,,,,,,,,,,,,,,,,,
BT-BP-30208,BinTEKÖ Apple iPad 2 6930mAH Li-Polymer Premium Battery,41,7.33,16.99,16.79,16.49,16.99,16.79,16.49,16.99,16.79,16.49,16.99,16.79,16.49,16.99,16.79,16.49,16.99,16.79,16.49,16.99,16.79,16.49,1
,,,,,,,,,,,,,,,,,,,,,,,,,
BT-BP-30210,BinTEKÖ Apple iPad 3/4 11560mAH Li-Polymer Premium Battery,66,12.35,19.99,19.79,19.49,19.99,19.79,19.49,19.99,19.79,19.49,19.99,19.79,19.49,19.99,19.79,19.49,19.99,19.79,19.49,19.99,19.79,19.49,1
,,,,,,,,,,,,,,,,,,,,,,,,,
BT-BP-30214,BinTEKÖ Apple iPad Air 1 8820mAH Li-Polymer Premium Battery,55,9.42,18.99,18.79,18.49,18.99,18.79,18.49,18.99,18.79,18.49,18.99,18.79,18.49,18.99,18.79,18.49,18.99,18.79,18.49,18.99,18.79,18.49,1
,,,,,,,,,,,,,,,,,,,,,,,,,
BT-BP-30216,BinTEKÖ Apple iPad Air 2 7340mAH Li-Polymer Premium Battery,40,7.18,16.99,16.79,16.49,16.99,16.79,16.49,16.99,16.79,16.49,16.99,16.79,16.49,16.99,16.79,16.49,16.99,16.79,16.49,16.99,16.79,16.49,1
,,,,,,,,,,,,,,,,,,,,,,,,,
BT-BP-30218,BinTEKÖ Apple iPad Mini 1 4490mAH Li-Polymer Premium Battery,30,5.37,15.99,15.79,15.49,15.99,15.79,15.49,15.99,15.79,15.49,15.99,15.79,15.49,15.99,15.79,15.49,15.99,15.79,15.49,15.99,15.79,15.49,1
,,,,,,,,,,,,,,,,,,,,,,,,,
BT-BP-30220,BinTEKÖ Apple iPad Mini 2/3 6470mAH Li-Polymer Premium Battery,45,7.93,16.99,16.79,16.49,16.99,16.79,16.49,16.99,16.79,16.49,16.99,16.79,16.49,16.99,16.79,16.49,16.99,16.79,16.49,16.99,16.79,16.49,1
,,,,,,,,,,,,,,,,,,,,,,,,,
BT-BP-30224,BinTEKÖ Apple iPad Mini 4 5124mAH Li-Polymer Premium Battery,120,18.81,29.99,29.79,29.49,29.99,29.79,29.49,29.99,29.79,29.49,29.99,29.79,29.49,29.99,29.79,29.49,29.99,29.79,29.49,29.99,29.79,29.49,1
,,,,,,,,,,,,,,,,,,,,,,,,,
BT-BP-30226,BinTEKÖ Apple iPad Pro 12.9 10307mAH Li-Polymer Premium Battery,120,18.81,29.99,29.79,29.49,29.99,29.79,29.49,29.99,29.79,29.49,29.99,29.79,29.49,29.99,29.79,29.49,29.99,29.79,29.49,29.99,29.79,29.49,1
,,,,,,,,,,,,,,,,,,,,,,,,,
BT-BP-30228,BinTEKÖ Apple iPad Pro 9.7 7306mAH Li-Polymer Premium Battery,120,18.81,29.99,29.79,29.49,29.99,29.79,29.49,29.99,29.79,29.49,29.99,29.79,29.49,29.99,29.79,29.49,29.99,29.79,29.49,29.99,29.79,29.49,1
,,,,,,,,,,,,,,,,,,,,,,,,,
BT-BP-30230,BinTEKÖ Samsung Galaxy S7 3000mAH Li-Polymer Premium Battery,24,12.99,12.79,12.49,12.99,12.79,12.49,12.99,12.79,12.49,12.99,12.79,12.49,12.99,12.79,12.49,12.99,12.79,12.49,12.99,12.79,12.49,1,1
BT-BP-30232,BinTEKÖ Microsoft Surface 2/RT2 4220mAH Li-Polymer Premium Battery,0,0,29.99,29.99,0,0,0,0,0,0,0,0,0,0,0,0,0,0,0,0,0,0,0,"0,,,,,"
BT-BP-30234,BinTEKÖ Microsoft Surface RT 4120mAH Li-Polymer Premium Battery,0,0,24.99,24.99,0,0,0,0,0,0,0,0,0,0,0,0,0,0,0,0,0,0,0,"0,,,,,"
BT-BP-30236,BinTEKÖ Microsoft Surface Pro 1 5500mAH Li-Polymer Premium Battery,0,0,29.99,29.99,0,0,0,0,0,0,0,0,0,0,0,0,0,0,0,0,0,0,0,"0,,,,,"
BT-BP-30238,BinTEKÖ LG G-Pad 10.1 V700 8000mAH Li-Polymer Premium Battery,0,0,29.99,29.99,0,0,0,0,0,0,0,0,0,0,0,0,0,0,0,0,0,0,0,"0,,,,,"
BT-BP-30240,BinTEKÖ Sony Xperia Tablet Z 6000mAH Li-Polymer Premium Battery,0,0,18.99,18.99,0,0,0,0,0,0,0,0,0,0,0,0,0,0,0,0,0,0,0,"0,,,,,"
BT-BP-30242,BinTEKÖ Huawei Nexus 6P 3550mAH Li-Polymer Premium Battery,0,0,16.99,16.99,0,0,0,0,0,0,0,0,0,0,0,0,0,0,0,0,0,0,0,"0,,,,,"
BT-BP-30244,BinTEKÖ Samsung Galaxy Note 5 3000mAH Li-Polymer Premium Battery,0,0,14.99,14.99,0,0,0,0,0,0,0,0,0,0,0,0,0,0,0,0,0,0,0,"0,,,,,"
BT-BP-30246,BinTEKÖ Huawei Ascend P7 2500mAH Li-Polymer Premium Battery,0,0,13.99,13.99,0,0,0,0,0,0,0,0,0,0,0,0,0,0,0,0,0,0,0,"0,,,,,"
BT-BP-30248,BinTEKÖ Huawei P8 2600mAH Li-Polymer Premium Battery,0,0,15.99,15.99,0,0,0,0,0,0,0,0,0,0,0,0,0,0,0,0,0,0,0,"0,,,,,"
BT-BP-30250,BinTEKÖ Huawei P8lite 2200mAH Li-Polymer Premium Battery,0,0,12.95,0,0,0,0,0,0,0,0,0,0,0,0,0,0,0,0,0,0,0,0,"0,,,,,"
BT-BP-30252,BinTEKÖ HTC One M9 2840mAH Li-Polymer Premium Battery,0,0,13.99,13.99,0,0,0,0,0,0,0,0,0,0,0,0,0,0,0,0,0,0,0,"0,,,,,"
BT-BP-30254,BinTEKÖ Sony Xperia M4 Aqua 2400mAH Li-Polymer Premium Battery,0,0,14.99,14.99,0,0,0,0,0,0,0,0,0,0,0,0,0,0,0,0,0,0,0,"0,,,,,"
BT-BP-30256,BinTEKÖ LG G Pad 7.0 V400 4000mAH Li-Polymer Premium Battery,0,0,21.99,21.99,0,0,0,0,0,0,0,0,0,0,0,0,0,0,0,0,0,0,0,"0,,,,,"
BT-BP-30258,BinTEKÖ Huawei Honor 7 3100mAH Li-Polymer Premium Battery,0,0,19.99,19.99,0,0,0,0,0,0,0,0,0,0,0,0,0,0,0,0,0,0,0,"0,,,,,"
BT-BP-30260,BinTEKÖ Sony Xperia Z3 Compact 2600mAH Li-Polymer Premium Battery,0,0,14.99,14.99,0,0,0,0,0,0,0,0,0,0,0,0,0,0,0,0,0,0,0,"0,,,,,"
BT-BP-30262,BinTEKÖ Sony Xperia T3 2500mAH Li-Polymer Premium Battery,0,0,9.99,9.99,0,0,0,0,0,0,0,0,0,0,0,0,0,0,0,0,0,0,0,"0,,,,,"
BT-BP-30264,BinTEKÖ Samsung Galaxy Tab A 8.0 4200mAH Li-Polymer Premium Battery,0,0,19.99,19.99,0,0,0,0,0,0,0,0,0,0,0,0,0,0,0,0,0,0,0,"0,,,,,"
BT-BP-30266,BinTEKÖ HTC Desire Eye 2400mAH Li-Polymer Premium Battery,0,0,14.99,14.99,0,0,0,0,0,0,0,0,0,0,0,0,0,0,0,0,0,0,0,"0,,,,,"
BT-BP-30268,BinTEKÖ Samsung Galaxy Core Prime 2000mAH Li-Polymer Premium Battery,0,0,14.99,14.99,0,0,0,0,0,0,0,0,0,0,0,0,0,0,0,0,0,0,0,"0,,,,,"
BT-BP-30270,BinTEKÖ Samsung Galaxy S4 Mini 1900mAH Li-Polymer Premium Battery,0,0,14.95,14.95,0,0,0,0,0,0,0,0,0,0,0,0,0,0,0,0,0,0,0,"0,,,,,"
BT-BP-30272,BinTEKÖ Samsung Galaxy Grand Prime 2600mAH Li-Polymer Premium Battery,0,0,9.99,9.99,0,0,0,0,0,0,0,0,0,0,0,0,0,0,0,0,0,0,0,"0,,,,,"
BT-BP-30274,BinTEKÖ HTC Desire 626 2000mAH Li-Polymer Premium Battery,0,0,11.99,11.99,0,0,0,0,0,0,0,0,0,0,0,0,0,0,0,0,0,0,0,"0,,,,,"
BT-BP-30276,BinTEKÖ Huawei Ascend Y530 1750mAH Li-Ion Premium Battery,0,0,14.99,14.99,0,0,0,0,0,0,0,0,0,0,0,0,0,0,0,0,0,0,0,"0,,,,,"
BT-BP-30278,BinTEKÖ HTC Rezound 1620mAH Li-Ion Premium Battery,0,0,9.99,9.99,0,0,0,0,0,0,0,0,0,0,0,0,0,0,0,0,0,0,0,"0,,,,,"
BT-BP-30280,BinTEKÖ LG G4 Beat 2300mAH Li-Ion Premium Battery,0,0,13.99,13.99,0,0,0,0,0,0,0,0,0,0,0,0,0,0,0,0,0,0,0,"0,,,,,"
BT-BP-30282,BinTEKÖ Samsung Gear S SM-R750 300mAh Li-Polymer Premium Battery,75,12.09,22.99,22.79,22.49,22.99,22.79,22.49,22.99,22.79,22.49,22.99,22.79,22.49,22.99,22.79,22.49,22.99,22.79,22.49,22.99,22.79,22.49,1
BT-BP-30284,BinTEKÖ iPhone SE 1624mAh Li-Polymer Premium Battery,0,0,19.99,19.99,0,0,0,0,0,0,0,0,0,0,0,0,0,0,0,0,0,0,0,"0,,,,,"
BT-BP-30286,BinTEK Apple Watch 42mm 250mAh Li-Polymer Premium Battery,0,0,16.99,16.99,0,0,0,0,0,0,0,0,0,0,0,0,0,0,0,0,0,0,0,"0,,,,,"
BT-BP-30288,BinTEK Apple Watch 38mm 205mAh Li-Polymer Premium Battery,0,0,16.99,16.99,0,0,0,0,0,0,0,0,0,0,0,0,0,0,0,0,0,0,0,"0,,,,,"
BTE710001,BinTEK Temperature Adjustable Heat Gun,15,16,24.99,24.79,24.49,24.99,24.79,24.49,24.99,24.79,24.49,24.99,24.79,24.49,24.99,24.79,24.49,24.99,24.79,24.49,24.99,24.79,24.49,1
BTE710002,BEST Soldering Iron 60W 110V for Cellphone Tablet and Computer Repair,0,0,12.99,12.79,12.49,9.99,9.79,9.49,9.99,9.79,9.49,9.99,9.79,9.49,9.99,9.79,9.49,9.99,9.79,9.49,9.99,9.79,9.49,1
BTH210001,BinTEKÖ Phillips + 1.5 Standard Size Premium Long-Lasting Screwdriver,0,0,6.99,6.79,6.49,4.99,4.79,4.49,4.99,4.79,4.49,4.99,4.79,4.49,4.99,4.79,4.49,4.99,4.79,4.49,4.99,4.79,4.49,1
BTH210002,BinTEKÖ Pentalobe 0.8 Standard Size Premium Long-Lasting Screwdriver,0,0,6.99,6.79,6.49,4.99,4.79,4.49,4.99,4.79,4.49,4.99,4.79,4.49,4.99,4.79,4.49,4.99,4.79,4.49,4.99,4.79,4.49,1
BTP610001,BinTEKÖ Small Quick Charge LipStick PowerBank Battery Charger 2000 mAH,13,2.53,6.99,6.79,6.49,4.99,3.99,3.79,4.99,3.99,3.79,4.99,3.99,3.79,4.99,3.99,3.79,4.99,3.99,3.79,4.99,3.99,3.79,1
BTS810011,BinTEKÖ 8-Piece Cell Phone Repair Tool Kit For iPhone 3G/3GS,4.2,1.19,6.99,6.79,5.99,3.99,3.49,2.99,3.99,3.49,2.99,3.99,3.49,2.99,3.99,3.49,2.99,3.99,3.49,2.99,3.99,3.49,2.99,1
BTS810012,BinTEKÖ 9-Piece Cell Phone Repair Tool Kit For iPhone 4/4S/5/5S/6/6 Plus,4.5,0.96,6.99,6.79,5.99,3.99,3.49,2.99,3.99,3.49,2.99,3.99,3.49,2.99,3.99,3.49,2.99,3.99,3.49,2.99,3.99,3.49,2.99,1
BTS810013,BinTEKÖ 8-Piece Cell Phone Repair Tool Kit For iPad 1/2/3/4 iPad Mini 1/2 iPad Air 1/2,0,0,6.99,6.79,5.99,3.99,3.49,2.99,3.99,3.49,2.99,3.99,3.49,2.99,3.99,3.49,2.99,3.99,3.49,2.99,3.99,3.49,2.99,1
BTS810014,BinTEKÖ 8-Piece Cell Phone Repair Tool Kit For iPod Touch 1/2/3/4/5/6,4.2,0.91,6.99,6.79,5.99,3.99,3.49,2.99,3.99,3.49,2.99,3.99,3.49,2.99,3.99,3.49,2.99,3.99,3.49,2.99,3.99,3.49,2.99,1
BTS810015,BinTEKÖ 8-Piece Cell Phone Repair Tool Kit For LG/HTC,4.2,0.91,6.99,6.79,5.99,3.99,3.49,2.99,3.99,3.49,2.99,3.99,3.49,2.99,3.99,3.49,2.99,3.99,3.49,2.99,3.99,3.49,2.99,1
BTS810016,BinTEKÖ 7-Piece Cell Phone Repair Tool Kit For Samsung,4,1.67,6.99,6.79,5.99,3.99,3.49,2.99,3.99,3.49,2.99,3.99,3.49,2.99,3.99,3.49,2.99,3.99,3.49,2.99,3.99,3.49,2.99,1
BTS810017,BinTEKÖ 10-Piece Cell Phone Repair Tool Kit for Motorola,4.8,1.79,6.99,6.79,5.99,3.99,3.49,2.99,3.99,3.49,2.99,3.99,3.49,2.99,3.99,3.49,2.99,3.99,3.49,2.99,3.99,3.49,2.99,1
BT-SPX-0001,Bongo Shield Tempered Glass Screen Protector - iPhone 6 6S,1,1.43,6.99,3.99,2.99,2.99,2.49,1.99,2.99,2.49,1.99,2.99,2.49,1.99,2.99,2.49,1.99,2.99,2.49,1.99,2.99,2.49,1.99,1
BT-SPX-0002,Bongo Shield Tempered Glass Screen Protector - iPhone 6 Plus/6S Plus,1.05,1.48,6.99,3.99,2.99,2.99,2.49,1.99,2.99,2.49,1.99,2.99,2.49,1.99,2.99,2.49,1.99,2.99,2.49,1.99,2.99,2.49,1.99,1
BT-SPX-0003,Bongo Shield Tempered Glass Screen Protector - iPhone 5 5S 5C SE,1,1.43,6.99,3.99,2.99,2.99,2.49,1.99,2.99,2.49,1.99,2.99,2.49,1.99,2.99,2.49,1.99,2.99,2.49,1.99,2.99,2.49,1.99,1
BT-SPX-0004,Bongo Shield Tempered Glass Screen Protector - iPad Mini,3.9,4.33,10.99,8.99,7.99,7.99,7.49,6.99,7.99,7.49,6.99,7.99,7.49,6.99,7.99,7.49,6.99,7.99,7.49,6.99,7.99,7.49,6.99,1
BT-SPX-0005,Bongo Shield Tempered Glass Screen Protector - iPad Air,4.45,4.45,10.99,8.99,7.99,7.99,7.49,6.99,7.99,7.49,6.99,7.99,7.49,6.99,7.99,7.49,6.99,7.99,7.49,6.99,7.99,7.49,6.99,1
BT-SPX-0007,Bongo Shield Tempered Glass Screen Protector - Samsung Galaxy S6,1,1.61,6.99,3.99,2.99,2.99,2.49,1.99,2.99,2.49,1.99,2.99,2.49,1.99,2.99,2.49,1.99,2.99,2.49,1.99,2.99,2.49,1.99,1
BT-SPX-0008,Bongo Shield Tempered Glass Screen Protector - Samsung Galaxy S5,1.05,1.48,6.99,3.99,2.99,2.99,2.49,1.99,2.99,2.49,1.99,2.99,2.49,1.99,2.99,2.49,1.99,2.99,2.49,1.99,2.99,2.49,1.99,1
BT-SPX-0009,Bongo Shield Tempered Glass Screen Protector - Samsung Galaxy S4,1.05,1.48,6.99,3.99,2.99,2.99,2.49,1.99,2.99,2.49,1.99,2.99,2.49,1.99,2.99,2.49,1.99,2.99,2.49,1.99,2.99,2.49,1.99,1
BT-SPX-0010,Bongo Shield Tempered Glass Screen Protector - Samsung Galaxy S5 Mini,0,0,6.99,3.99,2.99,2.99,2.49,1.99,2.99,2.49,1.99,2.99,2.49,1.99,2.99,2.49,1.99,2.99,2.49,1.99,2.99,2.49,1.99,1
BT-SPX-0011,Bongo Shield Tempered Glass Screen Protector - Samsung Galaxy Note 4,1.15,1.15,7.99,3.99,2.99,2.99,2.49,1.99,2.99,2.49,1.99,2.99,2.49,1.99,2.99,2.49,1.99,2.99,2.49,1.99,2.99,2.49,1.99,1
BT-SPX-0012,Bongo Shield Tempered Glass Screen Protector - Samsung Galaxy Note 3,1.15,1.15,7.99,3.99,2.99,2.99,2.49,1.99,2.99,2.49,1.99,2.99,2.49,1.99,2.99,2.49,1.99,2.99,2.49,1.99,2.99,2.49,1.99,1
BT-SPX-0013,Bongo Shield Tempered Glass Screen Protector - LG G3,1.05,1.48,6.99,3.99,2.99,2.99,2.49,1.99,2.99,2.49,1.99,2.99,2.49,1.99,2.99,2.49,1.99,2.99,2.49,1.99,2.99,2.49,1.99,1
BT-SPX-0014,Bongo Shield Tempered Glass Screen Protector - LG G4,1.1,1.53,6.99,3.99,2.99,2.99,2.49,1.99,2.99,2.49,1.99,2.99,2.49,1.99,2.99,2.49,1.99,2.99,2.49,1.99,2.99,2.49,1.99,1
BT-SPX-0015,Bongo Shield Tempered Glass Screen Protector - HTC M8,1.05,1.05,6.99,3.99,2.99,2.99,2.49,1.99,2.99,2.49,1.99,2.99,2.49,1.99,2.99,2.49,1.99,2.99,2.49,1.99,2.99,2.49,1.99,1
BT-SPX-0016,Bongo Shield Tempered Glass Screen Protector - HTC M9,0,0,6.99,3.99,2.99,2.99,2.49,1.99,2.99,2.49,1.99,2.99,2.49,1.99,2.99,2.49,1.99,2.99,2.49,1.99,2.99,2.49,1.99,1
BT-SPX-0018,Bongo Shield Tempered Glass Screen Protector - Motorola Google Nexus 6,0,0,7.99,3.99,2.99,2.99,2.49,1.99,2.99,2.49,1.99,2.99,2.49,1.99,2.99,2.49,1.99,2.99,2.49,1.99,2.99,2.49,1.99,1
BT-SPX-0019,Bongo Shield Tempered Glass Screen Protector - Oneplus One,1.15,1.15,6.99,3.99,2.99,2.99,2.49,1.99,2.99,2.49,1.99,2.99,2.49,1.99,2.99,2.49,1.99,2.99,2.49,1.99,2.99,2.49,1.99,1
BT-SPX-0022,Bongo Shield Tempered Glass Screen Protector for Asus Zenfone 2(5.5 inch),1.15,1.15,6.99,3.99,2.99,2.99,2.49,1.99,2.99,2.49,1.99,2.99,2.49,1.99,2.99,2.49,1.99,2.99,2.49,1.99,2.99,2.49,1.99,1
BT-SPX-0023,Bongo Shield Tempered Glass Screen Protector for Asus Zenfone 2 Laser ZE500KL 5.0 inch,1.6,1.6,6.99,3.99,2.99,2.99,2.49,1.99,2.99,2.49,1.99,2.99,2.49,1.99,2.99,2.49,1.99,2.99,2.49,1.99,2.99,2.49,1.99,1
BT-SPX-0024,Bongo Shield Tempered Glass Screen Protector for Huawei P8 Lite,0,0,6.99,3.99,2.99,2.99,2.49,1.99,2.99,2.49,1.99,2.99,2.49,1.99,2.99,2.49,1.99,2.99,2.49,1.99,2.99,2.49,1.99,1
BT-SPX-0025,Bongo Shield Tempered Glass Screen Protector for Huawei P8,1.15,1.15,6.99,3.99,2.99,2.99,2.49,1.99,2.99,2.49,1.99,2.99,2.49,1.99,2.99,2.49,1.99,2.99,2.49,1.99,2.99,2.49,1.99,1
BT-SPX-0026,Bongo Shield Tempered Glass Screen Protector for HTC Desire Eye,1.1,1.53,6.99,3.99,2.99,2.99,2.49,1.99,2.99,2.49,1.99,2.99,2.49,1.99,2.99,2.49,1.99,2.99,2.49,1.99,2.99,2.49,1.99,1
BT-SPX-0028,Bongo Shield Tempered Glass Screen Protector for HTC Desire 510,0,0,6.99,3.99,2.99,2.99,2.49,1.99,2.99,2.49,1.99,2.99,2.49,1.99,2.99,2.49,1.99,2.99,2.49,1.99,2.99,2.49,1.99,1
BT-SPX-0030,Bongo Shield Tempered Glass Screen Protector for Samsung Galaxy S6 Active,1.1,1.53,6.99,3.99,2.99,2.99,2.49,1.99,2.99,2.49,1.99,2.99,2.49,1.99,2.99,2.49,1.99,2.99,2.49,1.99,2.99,2.49,1.99,1
BT-SPX-0033,Bongo Shield Tempered Glass Screen Protector for Samsung Galaxy S3,1.05,1.05,6.99,3.99,2.99,2.99,2.49,1.99,2.99,2.49,1.99,2.99,2.49,1.99,2.99,2.49,1.99,2.99,2.49,1.99,2.99,2.49,1.99,1
BT-SPX-0034,Bongo Shield Tempered Glass Screen Protector for Samsung Galaxy Mega 5.8 I9150,0,0,6.99,3.99,2.99,2.99,2.49,1.99,2.99,2.49,1.99,2.99,2.49,1.99,2.99,2.49,1.99,2.99,2.49,1.99,2.99,2.49,1.99,1
BT-SPX-0036,Bongo Shield Tempered Glass Screen Protector for Samsung Galaxy Alpha,0,0,6.99,3.99,2.99,2.99,2.49,1.99,2.99,2.49,1.99,2.99,2.49,1.99,2.99,2.49,1.99,2.99,2.49,1.99,2.99,2.49,1.99,1
BT-SPX-0037,Bongo Shield Tempered Glass Screen Protector for Samsung Galaxy Core Prime,1.05,1.05,6.99,3.99,2.99,2.99,2.49,1.99,2.99,2.49,1.99,2.99,2.49,1.99,2.99,2.49,1.99,2.99,2.49,1.99,2.99,2.49,1.99,1
BT-SPX-0038,Bongo Shield Tempered Glass Screen Protector for Samsung Galaxy Grand Prime,1,1.61,6.99,3.99,2.99,2.99,2.49,1.99,2.99,2.49,1.99,2.99,2.49,1.99,2.99,2.49,1.99,2.99,2.49,1.99,2.99,2.49,1.99,1
BT-SPX-0039,Bongo Shield Tempered Glass Screen Protector for Samsung Galaxy J1,0,0,6.99,3.99,2.99,2.99,2.49,1.99,2.99,2.49,1.99,2.99,2.49,1.99,2.99,2.49,1.99,2.99,2.49,1.99,2.99,2.49,1.99,1
BT-SPX-0040,Bongo Shield Tempered Glass Screen Protector for LG Leon,1.15,1.15,6.99,3.99,2.99,2.99,2.49,1.99,2.99,2.49,1.99,2.99,2.49,1.99,2.99,2.49,1.99,2.99,2.49,1.99,2.99,2.49,1.99,1
BT-SPX-0041,Bongo Shield Tempered Glass Screen Protector for LG G Stylo/ G4 Stylus,1.1,1.53,6.99,3.99,2.99,2.99,2.49,1.99,2.99,2.49,1.99,2.99,2.49,1.99,2.99,2.49,1.99,2.99,2.49,1.99,2.99,2.49,1.99,1
BT-SPX-0042,Bongo Shield Tempered Glass Screen Protector for LG Optimus F60,0,0,6.99,3.99,2.99,2.99,2.49,1.99,2.99,2.49,1.99,2.99,2.49,1.99,2.99,2.49,1.99,2.99,2.49,1.99,2.99,2.49,1.99,1
BT-SPX-0044,Bongo Shield Tempered Glass Screen Protector for LG Google Nexus 5,1,1.61,6.99,3.99,2.99,2.99,2.49,1.99,2.99,2.49,1.99,2.99,2.49,1.99,2.99,2.49,1.99,2.99,2.49,1.99,2.99,2.49,1.99,1
BT-SPX-0045,Bongo Shield Tempered Glass Screen Protector for Motorola Moto X(2nd Gen),1,1.61,6.99,3.99,2.99,2.99,2.49,1.99,2.99,2.49,1.99,2.99,2.49,1.99,2.99,2.49,1.99,2.99,2.49,1.99,2.99,2.49,1.99,1
BT-SPX-0047,Bongo Shield Tempered Glass Screen Protector for Nokia Lumia 640,1.05,1.05,6.99,3.99,2.99,2.99,2.49,1.99,2.99,2.49,1.99,2.99,2.49,1.99,2.99,2.49,1.99,2.99,2.49,1.99,2.99,2.49,1.99,1
BT-SPX-0049,Bongo Shield Tempered Glass Screen Protector for Nokia Lumia 635,1,1.61,6.99,3.99,2.99,2.99,2.49,1.99,2.99,2.49,1.99,2.99,2.49,1.99,2.99,2.49,1.99,2.99,2.49,1.99,2.99,2.49,1.99,1
BT-SPX-0050,Bongo Shield Tempered Glass Screen Protector for Nokia Lumia 640XL,1.05,1.66,6.99,3.99,2.99,2.99,2.49,1.99,2.99,2.49,1.99,2.99,2.49,1.99,2.99,2.49,1.99,2.99,2.49,1.99,2.99,2.49,1.99,1
BT-SPX-0051,Bongo Shield Tempered Glass Screen Protector for Nokia Lumia 630,0,0,6.99,3.99,2.99,2.99,2.49,1.99,2.99,2.49,1.99,2.99,2.49,1.99,2.99,2.49,1.99,2.99,2.49,1.99,2.99,2.49,1.99,1
BT-SPX-0052,Bongo Shield Tempered Glass Screen Protector for Sony Xperia Z,1,1.61,6.99,3.99,2.99,2.99,2.49,1.99,2.99,2.49,1.99,2.99,2.49,1.99,2.99,2.49,1.99,2.99,2.49,1.99,2.99,2.49,1.99,1
BT-SPX-0054,Bongo Shield Tempered Glass Screen Protector for Sony Xperia Z3,1.15,1.15,6.99,3.99,2.99,2.99,2.49,1.99,2.99,2.49,1.99,2.99,2.49,1.99,2.99,2.49,1.99,2.99,2.49,1.99,2.99,2.49,1.99,1
BT-SPX-0055,Bongo Shield Tempered Glass Screen Protector for Sony Xperia Z3 Compact,1.05,1.05,6.99,3.99,2.99,2.99,2.49,1.99,2.99,2.49,1.99,2.99,2.49,1.99,2.99,2.49,1.99,2.99,2.49,1.99,2.99,2.49,1.99,1
BT-SPX-0056,Bongo Shield Tempered Glass Screen Protector for Sony Xperia Z4,0,0,6.99,3.99,2.99,2.99,2.49,1.99,2.99,2.49,1.99,2.99,2.49,1.99,2.99,2.49,1.99,2.99,2.49,1.99,2.99,2.49,1.99,1
BT-SPX-0057,Bongo Shield Tempered Glass Screen Protector for Sony Xperia M4 Aqua,1.15,1.15,6.99,3.99,2.99,2.99,2.49,1.99,2.99,2.49,1.99,2.99,2.49,1.99,2.99,2.49,1.99,2.99,2.49,1.99,2.99,2.49,1.99,1
BT-SPX-0058,Bongo Shield Tempered Glass Screen Protector for Apple Watch 38mm,0,0,6.99,3.99,2.99,2.99,2.49,1.99,2.99,2.49,1.99,2.99,2.49,1.99,2.99,2.49,1.99,2.99,2.49,1.99,2.99,2.49,1.99,1
BT-SPX-0059,Bongo Shield Tempered Glass Screen Protector for Apple Watch 42mm,0,0,6.99,3.99,2.99,2.99,2.49,1.99,2.99,2.49,1.99,2.99,2.49,1.99,2.99,2.49,1.99,2.99,2.49,1.99,2.99,2.49,1.99,1
BT-SPX-0064,Bongo Shield Tempered Glass Screen Protector for Samsung Galaxy Tab S 10.5,4.45,4.45,10.99,8.99,7.99,7.99,7.49,6.99,7.99,7.49,6.99,7.99,7.49,6.99,7.99,7.49,6.99,7.99,7.49,6.99,7.99,7.49,6.99,1
BT-SPX-0065,Bongo Shield Tempered Glass Screen Protector for Samsung Galaxy Tab 4 8.0,3.9,4.33,10.99,8.99,7.99,7.99,7.49,6.99,7.99,7.49,6.99,7.99,7.49,6.99,7.99,7.49,6.99,7.99,7.49,6.99,7.99,7.49,6.99,1
BT-SPX-0066,Bongo Shield Tempered Glass Screen Protector for Motorola Moto G(2nd Gen),0,0,6.99,3.99,2.99,2.99,2.49,1.99,2.99,2.49,1.99,2.99,2.49,1.99,2.99,2.49,1.99,2.99,2.49,1.99,2.99,2.49,1.99,1
BT-SPX-0067,Bongo Shield Tempered Glass Screen Protector - BlackBerry Classic,1.6,1.6,6.99,3.99,2.99,2.99,2.49,1.99,2.99,2.49,1.99,2.99,2.49,1.99,2.99,2.49,1.99,2.99,2.49,1.99,2.99,2.49,1.99,1
BT-SPX-0068,Bongo Shield Tempered Glass Screen Protector - iPod Touch 5,1.6,1.6,6.99,3.99,2.99,2.99,2.49,1.99,2.99,2.49,1.99,2.99,2.49,1.99,2.99,2.49,1.99,2.99,2.49,1.99,2.99,2.49,1.99,1
BT-SPX-0069,Bongo Shield Tempered Glass Screen Protector - Nokia Lumia 830,1.6,1.6,6.99,3.99,2.99,2.99,2.49,1.99,2.99,2.49,1.99,2.99,2.49,1.99,2.99,2.49,1.99,2.99,2.49,1.99,2.99,2.49,1.99,1
BT-SPX-0071,Bongo Shield Tempered Glass Screen Protector - Huawei Honor 7,1.6,1.6,6.99,3.99,2.99,2.99,2.49,1.99,2.99,2.49,1.99,2.99,2.49,1.99,2.99,2.49,1.99,2.99,2.49,1.99,2.99,2.49,1.99,1
BT-SPX-0072,Bongo Shield Tempered Glass Screen Protector - LG G4C (G4 Mini),1.6,1.6,6.99,3.99,2.99,2.99,2.49,1.99,2.99,2.49,1.99,2.99,2.49,1.99,2.99,2.49,1.99,2.99,2.49,1.99,2.99,2.49,1.99,1
BT-SPX-0073,Bongo Shield Tempered Glass Screen Protector - Microsoft Lumia 435,1.6,1.6,6.99,3.99,2.99,2.99,2.49,1.99,2.99,2.49,1.99,2.99,2.49,1.99,2.99,2.49,1.99,2.99,2.49,1.99,2.99,2.49,1.99,1
BT-SPX-0074,Bongo Shield Tempered Glass Screen Protector - HTC 526G+,1.6,1.6,6.99,3.99,2.99,2.99,2.49,1.99,2.99,2.49,1.99,2.99,2.49,1.99,2.99,2.49,1.99,2.99,2.49,1.99,2.99,2.49,1.99,1
BT-SPX-0075,Bongo Shield Tempered Glass Screen Protector - Samsung Tab S 8.4,1.6,1.6,10.99,8.99,7.99,7.99,7.49,6.99,7.99,7.49,6.99,7.99,7.49,6.99,7.99,7.49,6.99,7.99,7.49,6.99,7.99,7.49,6.99,1
BT-SPX-0076,BiNTEKÖ Screen Guard Premium HD Screen Protector - Asus Zenfone 2 (5.0 Inch),0,0,3.99,2.99,0.99,3.99,2.99,0.99,3.99,2.99,0.99,3.99,2.99,0.99,3.99,2.99,0.99,3.99,2.99,0.99,3.99,2.99,0.99,1
BT-SPX-0077,BiNTEKÖ Screen Guard Premium HD BiNTEKÖ Screen Protector - Asus Zenfone 2 (5.5 inch),0,0,3.99,2.99,0.99,3.99,2.99,0.99,3.99,2.99,0.99,3.99,2.99,0.99,3.99,2.99,0.99,3.99,2.99,0.99,3.99,2.99,0.99,1
BT-SPX-0078,BiNTEKÖ Screen Guard Premium HD Screen Protector - Asus Padfone X,0,0,3.99,2.99,0.99,3.99,2.99,0.99,3.99,2.99,0.99,3.99,2.99,0.99,3.99,2.99,0.99,3.99,2.99,0.99,3.99,2.99,0.99,1
BT-SPX-0079,BiNTEKÖ Screen Guard Premium HD Screen Protector - Blackberry Passport,0,0,3.99,2.99,0.99,3.99,2.99,0.99,3.99,2.99,0.99,3.99,2.99,0.99,3.99,2.99,0.99,3.99,2.99,0.99,3.99,2.99,0.99,1
BT-SPX-0080,BiNTEKÖ Screen Guard Premium HD Screen Protector - Blackberry Classic,0,0,3.99,2.99,0.99,3.99,2.99,0.99,3.99,2.99,0.99,3.99,2.99,0.99,3.99,2.99,0.99,3.99,2.99,0.99,3.99,2.99,0.99,1
BT-SPX-0081,BiNTEKÖ Screen Guard Premium HD Screen Protector - Huawei Ascend Mate 2,0,0,3.99,2.99,0.99,3.99,2.99,0.99,3.99,2.99,0.99,3.99,2.99,0.99,3.99,2.99,0.99,3.99,2.99,0.99,3.99,2.99,0.99,1
BT-SPX-0082,BiNTEKÖ Screen Guard Premium HD Screen Protector - Huawei P8 Lite,0,0,3.99,2.99,0.99,3.99,2.99,0.99,3.99,2.99,0.99,3.99,2.99,0.99,3.99,2.99,0.99,3.99,2.99,0.99,3.99,2.99,0.99,1
BT-SPX-0083,BiNTEKÖ Screen Guard Premium HD Screen Protector - Huawei P8,0,0,3.99,2.99,0.99,3.99,2.99,0.99,3.99,2.99,0.99,3.99,2.99,0.99,3.99,2.99,0.99,3.99,2.99,0.99,3.99,2.99,0.99,1
BT-SPX-0084,BiNTEKÖ Screen Guard Premium HD Screen Protector - Huawei Honor 7,0,0,3.99,2.99,0.99,3.99,2.99,0.99,3.99,2.99,0.99,3.99,2.99,0.99,3.99,2.99,0.99,3.99,2.99,0.99,3.99,2.99,0.99,1
BT-SPX-0085,BiNTEKÖ Screen Guard Premium HD Screen Protector - Huawei Ascend P7,0,0,3.99,2.99,0.99,3.99,2.99,0.99,3.99,2.99,0.99,3.99,2.99,0.99,3.99,2.99,0.99,3.99,2.99,0.99,3.99,2.99,0.99,1
BT-SPX-0086,BiNTEKÖ Screen Guard Premium HD Screen Protector - Huawei Ascend G730,0,0,3.99,2.99,0.99,3.99,2.99,0.99,3.99,2.99,0.99,3.99,2.99,0.99,3.99,2.99,0.99,3.99,2.99,0.99,3.99,2.99,0.99,1
BT-SPX-0087,BiNTEKÖ Screen Guard Premium HD Screen Protector - Huawei Ascend Y600,0,0,3.99,2.99,0.99,3.99,2.99,0.99,3.99,2.99,0.99,3.99,2.99,0.99,3.99,2.99,0.99,3.99,2.99,0.99,3.99,2.99,0.99,1
BT-SPX-0088,BiNTEKÖ Screen Guard Premium HD Screen Protector - Huawei Ascend G6,0,0,3.99,2.99,0.99,3.99,2.99,0.99,3.99,2.99,0.99,3.99,2.99,0.99,3.99,2.99,0.99,3.99,2.99,0.99,3.99,2.99,0.99,1
BT-SPX-0089,BiNTEKÖ Screen Guard Premium HD Screen Protector - Huawei Ascend Y530,0,0,3.99,2.99,0.99,3.99,2.99,0.99,3.99,2.99,0.99,3.99,2.99,0.99,3.99,2.99,0.99,3.99,2.99,0.99,3.99,2.99,0.99,1
BT-SPX-0090,BiNTEKÖ Screen Guard Premium HD Screen Protector - HTC  Desire Eye,0,0,3.99,2.99,0.99,3.99,2.99,0.99,3.99,2.99,0.99,3.99,2.99,0.99,3.99,2.99,0.99,3.99,2.99,0.99,3.99,2.99,0.99,1
BT-SPX-0091,BiNTEKÖ Screen Guard Premium HD Screen Protector - HTC Desire 610,0,0,3.99,2.99,0.99,3.99,2.99,0.99,3.99,2.99,0.99,3.99,2.99,0.99,3.99,2.99,0.99,3.99,2.99,0.99,3.99,2.99,0.99,1
BT-SPX-0092,BiNTEKÖ Screen Guard Premium HD Screen Protector - HTC Desire 510,0,0,3.99,2.99,0.99,3.99,2.99,0.99,3.99,2.99,0.99,3.99,2.99,0.99,3.99,2.99,0.99,3.99,2.99,0.99,3.99,2.99,0.99,1
BT-SPX-0093,BiNTEKÖ Screen Guard Premium HD Screen Protector - HTC One 9+,0,0,3.99,2.99,0.99,3.99,2.99,0.99,3.99,2.99,0.99,3.99,2.99,0.99,3.99,2.99,0.99,3.99,2.99,0.99,3.99,2.99,0.99,1
BT-SPX-0094,BiNTEKÖ Screen Guard Premium HD Screen Protector - HTC One ME,0,0,3.99,2.99,0.99,3.99,2.99,0.99,3.99,2.99,0.99,3.99,2.99,0.99,3.99,2.99,0.99,3.99,2.99,0.99,3.99,2.99,0.99,1
BT-SPX-0095,BiNTEKÖ Screen Guard Premium HD Screen Protector - HTC E9+/E9,0,0,3.99,2.99,0.99,3.99,2.99,0.99,3.99,2.99,0.99,3.99,2.99,0.99,3.99,2.99,0.99,3.99,2.99,0.99,3.99,2.99,0.99,1
BT-SPX-0096,BiNTEKÖ Screen Guard Premium HD Screen Protector - HTC Desire 626,0,0,3.99,2.99,0.99,3.99,2.99,0.99,3.99,2.99,0.99,3.99,2.99,0.99,3.99,2.99,0.99,3.99,2.99,0.99,3.99,2.99,0.99,1
BT-SPX-0097,BiNTEKÖ Screen Guard Premium HD Screen Protector - HTC Desire 526G+,0,0,3.99,2.99,0.99,3.99,2.99,0.99,3.99,2.99,0.99,3.99,2.99,0.99,3.99,2.99,0.99,3.99,2.99,0.99,3.99,2.99,0.99,1
BT-SPX-0098,BiNTEKÖ Screen Guard Premium HD Screen Protector - HTC Desire 826,0,0,3.99,2.99,0.99,3.99,2.99,0.99,3.99,2.99,0.99,3.99,2.99,0.99,3.99,2.99,0.99,3.99,2.99,0.99,3.99,2.99,0.99,1
BT-SPX-0099,BiNTEKÖ Screen Guard Premium HD Screen Protector - HTC Desire 320,0,0,3.99,2.99,0.99,3.99,2.99,0.99,3.99,2.99,0.99,3.99,2.99,0.99,3.99,2.99,0.99,3.99,2.99,0.99,3.99,2.99,0.99,1
BT-SPX-0100,BiNTEKÖ Screen Guard Premium HD Screen Protector - HTC Desire 620,0,0,3.99,2.99,0.99,3.99,2.99,0.99,3.99,2.99,0.99,3.99,2.99,0.99,3.99,2.99,0.99,3.99,2.99,0.99,3.99,2.99,0.99,1
BT-SPX-0101,BiNTEKÖ Screen Guard Premium HD Screen Protector - HTC Desire 816,0,0,3.99,2.99,0.99,3.99,2.99,0.99,3.99,2.99,0.99,3.99,2.99,0.99,3.99,2.99,0.99,3.99,2.99,0.99,3.99,2.99,0.99,1
BT-SPX-0102,BiNTEKÖ Screen Guard Premium HD Screen Protector - HTC Desire 820,0,0,3.99,2.99,0.99,3.99,2.99,0.99,3.99,2.99,0.99,3.99,2.99,0.99,3.99,2.99,0.99,3.99,2.99,0.99,3.99,2.99,0.99,1
BT-SPX-0103,BiNTEKÖ Screen Guard Premium HD Screen Protector - HTC Butterfly 2,0,0,3.99,2.99,0.99,3.99,2.99,0.99,3.99,2.99,0.99,3.99,2.99,0.99,3.99,2.99,0.99,3.99,2.99,0.99,3.99,2.99,0.99,1
BT-SPX-0104,BiNTEKÖ Screen Guard Premium HD Screen Protector - Lenovo A3900,0,0,3.99,2.99,0.99,3.99,2.99,0.99,3.99,2.99,0.99,3.99,2.99,0.99,3.99,2.99,0.99,3.99,2.99,0.99,3.99,2.99,0.99,1
BT-SPX-0105,BiNTEKÖ Screen Guard Premium HD Screen Protector - Lenovo K80,0,0,3.99,2.99,0.99,3.99,2.99,0.99,3.99,2.99,0.99,3.99,2.99,0.99,3.99,2.99,0.99,3.99,2.99,0.99,3.99,2.99,0.99,1
BT-SPX-0106,BiNTEKÖ Screen Guard Premium HD Screen Protector - Lenovo S60,0,0,3.99,2.99,0.99,3.99,2.99,0.99,3.99,2.99,0.99,3.99,2.99,0.99,3.99,2.99,0.99,3.99,2.99,0.99,3.99,2.99,0.99,1
BT-SPX-0108,BiNTEKÖ Screen Guard Premium HD Screen Protector - Lenovo A7000,0,0,3.99,2.99,0.99,3.99,2.99,0.99,3.99,2.99,0.99,3.99,2.99,0.99,3.99,2.99,0.99,3.99,2.99,0.99,3.99,2.99,0.99,1
BT-SPX-0109,BiNTEKÖ Screen Guard Premium HD Screen Protector - Lenovo A5000,0,0,3.99,2.99,0.99,3.99,2.99,0.99,3.99,2.99,0.99,3.99,2.99,0.99,3.99,2.99,0.99,3.99,2.99,0.99,3.99,2.99,0.99,1
BT-SPX-0110,BiNTEKÖ Screen Guard Premium HD Screen Protector - Lenovo P70,0,0,3.99,2.99,0.99,3.99,2.99,0.99,3.99,2.99,0.99,3.99,2.99,0.99,3.99,2.99,0.99,3.99,2.99,0.99,3.99,2.99,0.99,1
BT-SPX-0112,BiNTEKÖ Screen Guard Premium HD Screen Protector - Apple iPod Touch 5,0,0,3.99,2.99,0.99,3.99,2.99,0.99,3.99,2.99,0.99,3.99,2.99,0.99,3.99,2.99,0.99,3.99,2.99,0.99,3.99,2.99,0.99,1
BT-SPX-0113,BiNTEKÖ Screen Guard Premium HD Screen Protector - Apple iPod Nano 7,0,0,3.99,2.99,0.99,3.99,2.99,0.99,3.99,2.99,0.99,3.99,2.99,0.99,3.99,2.99,0.99,3.99,2.99,0.99,3.99,2.99,0.99,1
BT-SPX-0114,BiNTEKÖ Screen Guard Premium HD Screen Protector - Samsung Galaxy Note 5,0,0,3.99,2.99,0.99,3.99,2.99,0.99,3.99,2.99,0.99,3.99,2.99,0.99,3.99,2.99,0.99,3.99,2.99,0.99,3.99,2.99,0.99,1
BT-SPX-0115,BiNTEKÖ Screen Guard Premium HD Screen Protector - Samsung Galaxy S6 Active,0,0,3.99,2.99,0.99,3.99,2.99,0.99,3.99,2.99,0.99,3.99,2.99,0.99,3.99,2.99,0.99,3.99,2.99,0.99,3.99,2.99,0.99,1
BT-SPX-0117,BiNTEKÖ Screen Guard Premium HD Screen Protector - Samsung Galaxy S6 Edge,0,0,3.99,2.99,0.99,3.99,2.99,0.99,3.99,2.99,0.99,3.99,2.99,0.99,3.99,2.99,0.99,3.99,2.99,0.99,3.99,2.99,0.99,1
BT-SPX-0118,BiNTEKÖ Screen Guard Premium HD Screen Protector - Samsung Galaxy S5 Active,0,0,3.99,2.99,0.99,3.99,2.99,0.99,3.99,2.99,0.99,3.99,2.99,0.99,3.99,2.99,0.99,3.99,2.99,0.99,3.99,2.99,0.99,1
BT-SPX-0119,BiNTEKÖ Screen Guard Premium HD Screen Protector - Samsung Galaxy S5,0,0,3.99,2.99,0.99,3.99,2.99,0.99,3.99,2.99,0.99,3.99,2.99,0.99,3.99,2.99,0.99,3.99,2.99,0.99,3.99,2.99,0.99,1
BT-SPX-0121,BiNTEKÖ Screen Guard Premium HD Screen Protector - Samsung Galaxy Avant,0,0,3.99,2.99,0.99,3.99,2.99,0.99,3.99,2.99,0.99,3.99,2.99,0.99,3.99,2.99,0.99,3.99,2.99,0.99,3.99,2.99,0.99,1
BT-SPX-0122,BiNTEKÖ Screen Guard Premium HD Screen Protector - Samsung Galaxy Mega (5.8 inch),0,0,3.99,2.99,0.99,3.99,2.99,0.99,3.99,2.99,0.99,3.99,2.99,0.99,3.99,2.99,0.99,3.99,2.99,0.99,3.99,2.99,0.99,1
BT-SPX-0123,BiNTEKÖ Screen Guard Premium HD Screen Protector - Samsung Galaxy Mega (6.3 Inch),0,0,3.99,2.99,0.99,3.99,2.99,0.99,3.99,2.99,0.99,3.99,2.99,0.99,3.99,2.99,0.99,3.99,2.99,0.99,3.99,2.99,0.99,1
BT-SPX-0124,BiNTEKÖ Screen Guard Premium HD Screen Protector - Samsung Galaxy Alpha,0,0,3.99,2.99,0.99,3.99,2.99,0.99,3.99,2.99,0.99,3.99,2.99,0.99,3.99,2.99,0.99,3.99,2.99,0.99,3.99,2.99,0.99,1
BT-SPX-0125,BiNTEKÖ Screen Guard Premium HD Screen Protector - Samsung Galaxy Core Prime,0,0,3.99,2.99,0.99,3.99,2.99,0.99,3.99,2.99,0.99,3.99,2.99,0.99,3.99,2.99,0.99,3.99,2.99,0.99,3.99,2.99,0.99,1
BT-SPX-0126,BiNTEKÖ Screen Guard Premium HD Screen Protector - Samsung Galaxy Light,0,0,3.99,2.99,0.99,3.99,2.99,0.99,3.99,2.99,0.99,3.99,2.99,0.99,3.99,2.99,0.99,3.99,2.99,0.99,3.99,2.99,0.99,1
BT-SPX-0127,BiNTEKÖ Screen Guard Premium HD Screen Protector - Samsung Galaxy Grand Prime,2,0.46,3.99,2.99,0.99,3.99,2.99,0.99,3.99,2.99,0.99,3.99,2.99,0.99,3.99,2.99,0.99,3.99,2.99,0.99,3.99,2.99,0.99,1
BT-SPX-0128,BiNTEKÖ Screen Guard Premium HD Screen Protector - Samsung Galaxy J1 (Verizon),0,0,3.99,2.99,0.99,3.99,2.99,0.99,3.99,2.99,0.99,3.99,2.99,0.99,3.99,2.99,0.99,3.99,2.99,0.99,3.99,2.99,0.99,1
BT-SPX-0129,BiNTEKÖ Screen Guard Premium HD Screen Protector - Samsung Galaxy J7,0,0,3.99,2.99,0.99,3.99,2.99,0.99,3.99,2.99,0.99,3.99,2.99,0.99,3.99,2.99,0.99,3.99,2.99,0.99,3.99,2.99,0.99,1
BT-SPX-0130,BiNTEKÖ Screen Guard Premium HD Screen Protector - Samsung Galaxy J5,0,0,3.99,2.99,0.99,3.99,2.99,0.99,3.99,2.99,0.99,3.99,2.99,0.99,3.99,2.99,0.99,3.99,2.99,0.99,3.99,2.99,0.99,1
BT-SPX-0131,BiNTEKÖ Screen Guard Premium HD Screen Protector - Samsung Galaxy A3,0,0,3.99,2.99,0.99,3.99,2.99,0.99,3.99,2.99,0.99,3.99,2.99,0.99,3.99,2.99,0.99,3.99,2.99,0.99,3.99,2.99,0.99,1
BT-SPX-0132,BiNTEKÖ Screen Guard Premium HD Screen Protector - Samsung Galaxy A5,0,0,3.99,2.99,0.99,3.99,2.99,0.99,3.99,2.99,0.99,3.99,2.99,0.99,3.99,2.99,0.99,3.99,2.99,0.99,3.99,2.99,0.99,1
BT-SPX-0133,BiNTEKÖ Screen Guard Premium HD Screen Protector - Samsung Galaxy A7,0,0,3.99,2.99,0.99,3.99,2.99,0.99,3.99,2.99,0.99,3.99,2.99,0.99,3.99,2.99,0.99,3.99,2.99,0.99,3.99,2.99,0.99,1
BT-SPX-0134,BiNTEKÖ Screen Guard Premium HD Screen Protector - Samsung Galaxy Pocket 2,0,0,3.99,2.99,0.99,3.99,2.99,0.99,3.99,2.99,0.99,3.99,2.99,0.99,3.99,2.99,0.99,3.99,2.99,0.99,3.99,2.99,0.99,1
BT-SPX-0135,BiNTEKÖ Screen Guard Premium HD Screen Protector - Samsung Xcover 3,0,0,3.99,2.99,0.99,3.99,2.99,0.99,3.99,2.99,0.99,3.99,2.99,0.99,3.99,2.99,0.99,3.99,2.99,0.99,3.99,2.99,0.99,1
BT-SPX-0136,BiNTEKÖ Screen Guard Premium HD Screen Protector - Samsung Galaxy V,0,0,3.99,2.99,0.99,3.99,2.99,0.99,3.99,2.99,0.99,3.99,2.99,0.99,3.99,2.99,0.99,3.99,2.99,0.99,3.99,2.99,0.99,1
BT-SPX-0137,BiNTEKÖ Screen Guard Premium HD Screen Protector - Samsung Galaxy Grand Prime,0,0,3.99,2.99,0.99,3.99,2.99,0.99,3.99,2.99,0.99,3.99,2.99,0.99,3.99,2.99,0.99,3.99,2.99,0.99,3.99,2.99,0.99,1
BT-SPX-0138,BiNTEKÖ Screen Guard Premium HD Screen Protector - Samsung Galaxy Ace Style LTE,0,0,3.99,2.99,0.99,3.99,2.99,0.99,3.99,2.99,0.99,3.99,2.99,0.99,3.99,2.99,0.99,3.99,2.99,0.99,3.99,2.99,0.99,1
BT-SPX-0139,BiNTEKÖ Screen Guard Premium HD Screen Protector - LG G4C,0,0,3.99,2.99,0.99,3.99,2.99,0.99,3.99,2.99,0.99,3.99,2.99,0.99,3.99,2.99,0.99,3.99,2.99,0.99,3.99,2.99,0.99,1
BT-SPX-0140,BiNTEKÖ Screen Guard Premium HD Screen Protector - LG AKA,0,0,3.99,2.99,0.99,3.99,2.99,0.99,3.99,2.99,0.99,3.99,2.99,0.99,3.99,2.99,0.99,3.99,2.99,0.99,3.99,2.99,0.99,1
BT-SPX-0141,BiNTEKÖ Screen Guard Premium HD Screen Protector - LG Magna,0,0,3.99,2.99,0.99,3.99,2.99,0.99,3.99,2.99,0.99,3.99,2.99,0.99,3.99,2.99,0.99,3.99,2.99,0.99,3.99,2.99,0.99,1
BT-SPX-0142,BiNTEKÖ Screen Guard Premium HD Screen Protector - LG Leon,0,0,3.99,2.99,0.99,3.99,2.99,0.99,3.99,2.99,0.99,3.99,2.99,0.99,3.99,2.99,0.99,3.99,2.99,0.99,3.99,2.99,0.99,1
BT-SPX-0143,BiNTEKÖ Screen Guard Premium HD Screen Protector - LG Spirit,0,0,3.99,2.99,0.99,3.99,2.99,0.99,3.99,2.99,0.99,3.99,2.99,0.99,3.99,2.99,0.99,3.99,2.99,0.99,3.99,2.99,0.99,1
BT-SPX-0144,BiNTEKÖ Screen Guard Premium HD Screen Protector - LG Joy,0,0,3.99,2.99,0.99,3.99,2.99,0.99,3.99,2.99,0.99,3.99,2.99,0.99,3.99,2.99,0.99,3.99,2.99,0.99,3.99,2.99,0.99,1
BT-SPX-0145,BiNTEKÖ Screen Guard Premium HD Screen Protector - LG G Flex 2,0,0,3.99,2.99,0.99,3.99,2.99,0.99,3.99,2.99,0.99,3.99,2.99,0.99,3.99,2.99,0.99,3.99,2.99,0.99,3.99,2.99,0.99,1
BT-SPX-0146,BiNTEKÖ Screen Guard Premium HD Screen Protector - LG G Flex,0,0,3.99,2.99,0.99,3.99,2.99,0.99,3.99,2.99,0.99,3.99,2.99,0.99,3.99,2.99,0.99,3.99,2.99,0.99,3.99,2.99,0.99,1
BT-SPX-0147,BiNTEKÖ Screen Guard Premium HD Screen Protector - LG G2 Lite,0,0,3.99,2.99,0.99,3.99,2.99,0.99,3.99,2.99,0.99,3.99,2.99,0.99,3.99,2.99,0.99,3.99,2.99,0.99,3.99,2.99,0.99,1
BT-SPX-0148,BiNTEKÖ Screen Guard Premium HD Screen Protector - LG L Bello,0,0,3.99,2.99,0.99,3.99,2.99,0.99,3.99,2.99,0.99,3.99,2.99,0.99,3.99,2.99,0.99,3.99,2.99,0.99,3.99,2.99,0.99,1
BT-SPX-0149,BiNTEKÖ Screen Guard Premium HD Screen Protector - LG L Fino,0,0,3.99,2.99,0.99,3.99,2.99,0.99,3.99,2.99,0.99,3.99,2.99,0.99,3.99,2.99,0.99,3.99,2.99,0.99,3.99,2.99,0.99,1
BT-SPX-0150,BiNTEKÖ Screen Guard Premium HD Screen Protector - LG Leon,0,0,3.99,2.99,0.99,3.99,2.99,0.99,3.99,2.99,0.99,3.99,2.99,0.99,3.99,2.99,0.99,3.99,2.99,0.99,3.99,2.99,0.99,1
BT-SPX-0151,BiNTEKÖ Screen Guard Premium HD Screen Protector - LG G Stylo/LG G4 Stylus,0,0,3.99,2.99,0.99,3.99,2.99,0.99,3.99,2.99,0.99,3.99,2.99,0.99,3.99,2.99,0.99,3.99,2.99,0.99,3.99,2.99,0.99,1
BT-SPX-0152,BiNTEKÖ Screen Guard Premium HD Screen Protector - LG G Vista,0,0,3.99,2.99,0.99,3.99,2.99,0.99,3.99,2.99,0.99,3.99,2.99,0.99,3.99,2.99,0.99,3.99,2.99,0.99,3.99,2.99,0.99,1
BT-SPX-0153,BiNTEKÖ Screen Guard Premium HD Screen Protector - LG Optimus F60,0,0,3.99,2.99,0.99,3.99,2.99,0.99,3.99,2.99,0.99,3.99,2.99,0.99,3.99,2.99,0.99,3.99,2.99,0.99,3.99,2.99,0.99,1
BT-SPX-0154,BiNTEKÖ Screen Guard Premium HD Screen Protector - LG Optimus F70,0,0,3.99,2.99,0.99,3.99,2.99,0.99,3.99,2.99,0.99,3.99,2.99,0.99,3.99,2.99,0.99,3.99,2.99,0.99,3.99,2.99,0.99,1
BT-SPX-0155,BiNTEKÖ Screen Guard Premium HD Screen Protector - LG Volt,0,0,3.99,2.99,0.99,3.99,2.99,0.99,3.99,2.99,0.99,3.99,2.99,0.99,3.99,2.99,0.99,3.99,2.99,0.99,3.99,2.99,0.99,1
BT-SPX-0156,BiNTEKÖ Screen Guard Premium HD Screen Protector - Motorola Moto G (3rd Gen),0,0,3.99,2.99,0.99,3.99,2.99,0.99,3.99,2.99,0.99,3.99,2.99,0.99,3.99,2.99,0.99,3.99,2.99,0.99,3.99,2.99,0.99,1
BT-SPX-0157,BiNTEKÖ Screen Guard Premium HD Screen Protector - LG Google Nexus 5,0,0,3.99,2.99,0.99,3.99,2.99,0.99,3.99,2.99,0.99,3.99,2.99,0.99,3.99,2.99,0.99,3.99,2.99,0.99,3.99,2.99,0.99,1
BT-SPX-0158,BiNTEKÖ Screen Guard Premium HD Screen Protector - Motorola Moto X (2nd Gen),0,0,3.99,2.99,0.99,3.99,2.99,0.99,3.99,2.99,0.99,3.99,2.99,0.99,3.99,2.99,0.99,3.99,2.99,0.99,3.99,2.99,0.99,1
BT-SPX-0159,BiNTEKÖ Screen Guard Premium HD Screen Protector - Motorola Moto G,0,0,3.99,2.99,0.99,3.99,2.99,0.99,3.99,2.99,0.99,3.99,2.99,0.99,3.99,2.99,0.99,3.99,2.99,0.99,3.99,2.99,0.99,1
BT-SPX-0160,BiNTEKÖ Screen Guard Premium HD Screen Protector - Motorola Droid Turbo,0,0,3.99,2.99,0.99,3.99,2.99,0.99,3.99,2.99,0.99,3.99,2.99,0.99,3.99,2.99,0.99,3.99,2.99,0.99,3.99,2.99,0.99,1
BT-SPX-0161,BiNTEKÖ Screen Guard Premium HD Screen Protector - Motorola Droid Maxx/Ultra,0,0,3.99,2.99,0.99,3.99,2.99,0.99,3.99,2.99,0.99,3.99,2.99,0.99,3.99,2.99,0.99,3.99,2.99,0.99,3.99,2.99,0.99,1
BT-SPX-0162,BiNTEKÖ Screen Guard Premium HD Screen Protector - Motorola Moto E (2015),0,0,3.99,2.99,0.99,3.99,2.99,0.99,3.99,2.99,0.99,3.99,2.99,0.99,3.99,2.99,0.99,3.99,2.99,0.99,3.99,2.99,0.99,1
BT-SPX-0163,BiNTEKÖ Screen Guard Premium HD Screen Protector - Meizu MX5,0,0,3.99,2.99,0.99,3.99,2.99,0.99,3.99,2.99,0.99,3.99,2.99,0.99,3.99,2.99,0.99,3.99,2.99,0.99,3.99,2.99,0.99,1
BT-SPX-0164,BiNTEKÖ Screen Guard Premium HD Screen Protector - Nokia Lumia 430/435,0,0,3.99,2.99,0.99,3.99,2.99,0.99,3.99,2.99,0.99,3.99,2.99,0.99,3.99,2.99,0.99,3.99,2.99,0.99,3.99,2.99,0.99,1
BT-SPX-0165,BiNTEKÖ Screen Guard Premium HD Screen Protector - Nokia Lumia 535,0,0,3.99,2.99,0.99,3.99,2.99,0.99,3.99,2.99,0.99,3.99,2.99,0.99,3.99,2.99,0.99,3.99,2.99,0.99,3.99,2.99,0.99,1
BT-SPX-0166,BiNTEKÖ Screen Guard Premium HD Screen Protector - Nokia Lumia 532,0,0,3.99,2.99,0.99,3.99,2.99,0.99,3.99,2.99,0.99,3.99,2.99,0.99,3.99,2.99,0.99,3.99,2.99,0.99,3.99,2.99,0.99,1
BT-SPX-0167,BiNTEKÖ Screen Guard Premium HD Screen Protector - Nokia Lumia 638,0,0,3.99,2.99,0.99,3.99,2.99,0.99,3.99,2.99,0.99,3.99,2.99,0.99,3.99,2.99,0.99,3.99,2.99,0.99,3.99,2.99,0.99,1
BT-SPX-0168,BiNTEKÖ Screen Guard Premium HD Screen Protector - Nokia Lumia 730/735,0,0,3.99,2.99,0.99,3.99,2.99,0.99,3.99,2.99,0.99,3.99,2.99,0.99,3.99,2.99,0.99,3.99,2.99,0.99,3.99,2.99,0.99,1
BT-SPX-0169,BiNTEKÖ Screen Guard Premium HD Screen Protector - Nokia Lumia 640,0,0,3.99,2.99,0.99,3.99,2.99,0.99,3.99,2.99,0.99,3.99,2.99,0.99,3.99,2.99,0.99,3.99,2.99,0.99,3.99,2.99,0.99,1
BT-SPX-0170,BiNTEKÖ Screen Guard Premium HD Screen Protector - Nokia Lumia 830,0,0,3.99,2.99,0.99,3.99,2.99,0.99,3.99,2.99,0.99,3.99,2.99,0.99,3.99,2.99,0.99,3.99,2.99,0.99,3.99,2.99,0.99,1
BT-SPX-0171,BiNTEKÖ Screen Guard Premium HD Screen Protector - Nokia Lumia 635,0,0,3.99,2.99,0.99,3.99,2.99,0.99,3.99,2.99,0.99,3.99,2.99,0.99,3.99,2.99,0.99,3.99,2.99,0.99,3.99,2.99,0.99,1
BT-SPX-0172,BiNTEKÖ Screen Guard Premium HD Screen Protector - Nokia Lumia 640XL,0,0,3.99,2.99,0.99,3.99,2.99,0.99,3.99,2.99,0.99,3.99,2.99,0.99,3.99,2.99,0.99,3.99,2.99,0.99,3.99,2.99,0.99,1
BT-SPX-0173,BiNTEKÖ Screen Guard Premium HD Screen Protector - Nokia Lumia 630,0,0,3.99,2.99,0.99,3.99,2.99,0.99,3.99,2.99,0.99,3.99,2.99,0.99,3.99,2.99,0.99,3.99,2.99,0.99,3.99,2.99,0.99,1
BT-SPX-0174,BiNTEKÖ Screen Guard Premium HD Screen Protector - Nokia Lumia X2,0,0,3.99,2.99,0.99,3.99,2.99,0.99,3.99,2.99,0.99,3.99,2.99,0.99,3.99,2.99,0.99,3.99,2.99,0.99,3.99,2.99,0.99,1
BT-SPX-0175,BiNTEKÖ Screen Guard Premium HD Screen Protector - Nokia Lumia 930,0,0,3.99,2.99,0.99,3.99,2.99,0.99,3.99,2.99,0.99,3.99,2.99,0.99,3.99,2.99,0.99,3.99,2.99,0.99,3.99,2.99,0.99,1
BT-SPX-0176,BiNTEKÖ Screen Guard Premium HD Screen Protector - Nokia XL,0,0,3.99,2.99,0.99,3.99,2.99,0.99,3.99,2.99,0.99,3.99,2.99,0.99,3.99,2.99,0.99,3.99,2.99,0.99,3.99,2.99,0.99,1
BT-SPX-0177,BiNTEKÖ Screen Guard Premium HD Screen Protector - Nokia X,0,0,3.99,2.99,0.99,3.99,2.99,0.99,3.99,2.99,0.99,3.99,2.99,0.99,3.99,2.99,0.99,3.99,2.99,0.99,3.99,2.99,0.99,1
BT-SPX-0178,BiNTEKÖ Screen Guard Premium HD Screen Protector - Nokia Lumia 525,0,0,3.99,2.99,0.99,3.99,2.99,0.99,3.99,2.99,0.99,3.99,2.99,0.99,3.99,2.99,0.99,3.99,2.99,0.99,3.99,2.99,0.99,1
BT-SPX-0179,BiNTEKÖ Screen Guard Premium HD Screen Protector - Nokia Lumia 1520,0,0,3.99,2.99,0.99,3.99,2.99,0.99,3.99,2.99,0.99,3.99,2.99,0.99,3.99,2.99,0.99,3.99,2.99,0.99,3.99,2.99,0.99,1
BT-SPX-0180,BiNTEKÖ Screen Guard Premium HD Screen Protector - Nokia Lumia 1320,0,0,3.99,2.99,0.99,3.99,2.99,0.99,3.99,2.99,0.99,3.99,2.99,0.99,3.99,2.99,0.99,3.99,2.99,0.99,3.99,2.99,0.99,1
BT-SPX-0181,BiNTEKÖ Screen Guard Premium HD Screen Protector - Oneplus Two,0,0,3.99,2.99,0.99,3.99,2.99,0.99,3.99,2.99,0.99,3.99,2.99,0.99,3.99,2.99,0.99,3.99,2.99,0.99,3.99,2.99,0.99,1
BT-SPX-0182,BiNTEKÖ Screen Guard Premium HD Screen Protector - Sony Xperia Z,0,0,3.99,2.99,0.99,3.99,2.99,0.99,3.99,2.99,0.99,3.99,2.99,0.99,3.99,2.99,0.99,3.99,2.99,0.99,3.99,2.99,0.99,1
BT-SPX-0183,BiNTEKÖ Screen Guard Premium HD Screen Protector - Sony Xperia Z1S,0,0,3.99,2.99,0.99,3.99,2.99,0.99,3.99,2.99,0.99,3.99,2.99,0.99,3.99,2.99,0.99,3.99,2.99,0.99,3.99,2.99,0.99,1
BT-SPX-0184,BiNTEKÖ Screen Guard Premium HD Screen Protector - Sony Xperia Z3v,0,0,3.99,2.99,0.99,3.99,2.99,0.99,3.99,2.99,0.99,3.99,2.99,0.99,3.99,2.99,0.99,3.99,2.99,0.99,3.99,2.99,0.99,1
BT-SPX-0185,BiNTEKÖ Screen Guard Premium HD Screen Protector - Sony Xperia Z3,0,0,3.99,2.99,0.99,3.99,2.99,0.99,3.99,2.99,0.99,3.99,2.99,0.99,3.99,2.99,0.99,3.99,2.99,0.99,3.99,2.99,0.99,1
BT-SPX-0186,BiNTEKÖ Screen Guard Premium HD Screen Protector - Sony Xperia Z3 Compact,0,0,3.99,2.99,0.99,3.99,2.99,0.99,3.99,2.99,0.99,3.99,2.99,0.99,3.99,2.99,0.99,3.99,2.99,0.99,3.99,2.99,0.99,1
BT-SPX-0187,BiNTEKÖ Screen Guard Premium HD Screen Protector - Sony Xperia Z4,0,0,3.99,2.99,0.99,3.99,2.99,0.99,3.99,2.99,0.99,3.99,2.99,0.99,3.99,2.99,0.99,3.99,2.99,0.99,3.99,2.99,0.99,1
BT-SPX-0188,BiNTEKÖ Screen Guard Premium HD Screen Protector - Sony Xperia M4 Aqua,0,0,3.99,2.99,0.99,3.99,2.99,0.99,3.99,2.99,0.99,3.99,2.99,0.99,3.99,2.99,0.99,3.99,2.99,0.99,3.99,2.99,0.99,1
BT-SPX-0189,BiNTEKÖ Screen Guard Premium HD Screen Protector - Sony Xperia E4g,0,0,3.99,2.99,0.99,3.99,2.99,0.99,3.99,2.99,0.99,3.99,2.99,0.99,3.99,2.99,0.99,3.99,2.99,0.99,3.99,2.99,0.99,1
BT-SPX-0190,BiNTEKÖ Screen Guard Premium HD Screen Protector - Sony Xperia E4,0,0,3.99,2.99,0.99,3.99,2.99,0.99,3.99,2.99,0.99,3.99,2.99,0.99,3.99,2.99,0.99,3.99,2.99,0.99,3.99,2.99,0.99,1
BT-SPX-0191,BiNTEKÖ Screen Guard Premium HD Screen Protector - Sony Xperia E3,0,0,3.99,2.99,0.99,3.99,2.99,0.99,3.99,2.99,0.99,3.99,2.99,0.99,3.99,2.99,0.99,3.99,2.99,0.99,3.99,2.99,0.99,1
BT-SPX-0192,BiNTEKÖ Screen Guard Premium HD Screen Protector - Sony Xperia C3,0,0,3.99,2.99,0.99,3.99,2.99,0.99,3.99,2.99,0.99,3.99,2.99,0.99,3.99,2.99,0.99,3.99,2.99,0.99,3.99,2.99,0.99,1
BT-SPX-0193,BiNTEKÖ Screen Guard Premium HD Screen Protector - Sony Xperia Z2a,0,0,3.99,2.99,0.99,3.99,2.99,0.99,3.99,2.99,0.99,3.99,2.99,0.99,3.99,2.99,0.99,3.99,2.99,0.99,3.99,2.99,0.99,1
BT-SPX-0194,BiNTEKÖ Screen Guard Premium HD Screen Protector - Sony Xperia T3,0,0,3.99,2.99,0.99,3.99,2.99,0.99,3.99,2.99,0.99,3.99,2.99,0.99,3.99,2.99,0.99,3.99,2.99,0.99,3.99,2.99,0.99,1
BT-SPX-0195,BiNTEKÖ Screen Guard Premium HD Screen Protector - Sony Xperia M2,0,0,3.99,2.99,0.99,3.99,2.99,0.99,3.99,2.99,0.99,3.99,2.99,0.99,3.99,2.99,0.99,3.99,2.99,0.99,3.99,2.99,0.99,1
BT-SPX-0196,BiNTEKÖ Screen Guard Premium HD Screen Protector - ZTE Grand X,0,0,3.99,2.99,0.99,3.99,2.99,0.99,3.99,2.99,0.99,3.99,2.99,0.99,3.99,2.99,0.99,3.99,2.99,0.99,3.99,2.99,0.99,1
BT-SPX-0197,BiNTEKÖ Screen Guard Premium HD Screen Protector - Apple Watch 38mm,0,0,3.99,2.99,0.99,3.99,2.99,0.99,3.99,2.99,0.99,3.99,2.99,0.99,3.99,2.99,0.99,3.99,2.99,0.99,3.99,2.99,0.99,1
BT-SPX-0198,BiNTEKÖ Screen Guard Premium HD Screen Protector - Apple Watch 42mm,0,0,3.99,2.99,0.99,3.99,2.99,0.99,3.99,2.99,0.99,3.99,2.99,0.99,3.99,2.99,0.99,3.99,2.99,0.99,3.99,2.99,0.99,1
BT-SPX-0199,Bongo Shield Tempered Glass Screen Protector - Apple iPad 2/3/4,4.45,5.06,10.99,8.99,7.99,7.99,7.49,6.99,7.99,7.49,6.99,7.99,7.49,6.99,7.99,7.49,6.99,7.99,7.49,6.99,7.99,7.49,6.99,1
BT-SPX-0200,Bongo Shield Tempered Glass Screen Protector - Motorola Moto X Play,0,0,6.99,3.99,2.99,2.99,2.49,1.99,2.99,2.49,1.99,2.99,2.49,1.99,2.99,2.49,1.99,2.99,2.49,1.99,2.99,2.49,1.99,1
BT-SPX-0201,Bongo Shield Tempered Glass Screen Protector - Motorola Moto X Style,1.05,1.66,3.82,3.82,3.65,0,3.32,3.24,0,0,0,0,3.32,3.15,0,3.24,2.99,0,3.09,2.89,0,2.91,2.66,"0,,,,,"
BT-SPX-0202,Bongo Shield Tempered Glass Screen Protector - Samsung Galaxy Note 5,1.15,1.15,6.99,3.99,2.99,2.99,2.49,1.99,2.99,2.49,1.99,2.99,2.49,1.99,2.99,2.49,1.99,2.99,2.49,1.99,2.99,2.49,1.99,1
BT-SPX-0203,Bongo Shield Tempered Glass Screen Protector - OnePlus Two,0,0,6.99,3.99,2.99,2.99,2.49,1.99,2.99,2.49,1.99,2.99,2.49,1.99,2.99,2.49,1.99,2.99,2.49,1.99,2.99,2.49,1.99,1
BT-SPX-0204,Bongo Shield Tempered Glass Screen Protector - Samsung Galaxy Tab S2 9.7,4.45,5.06,10.99,8.99,7.99,7.99,7.49,6.99,7.99,7.49,6.99,7.99,7.49,6.99,7.99,7.49,6.99,7.99,7.49,6.99,7.99,7.49,6.99,1
BT-SPX-0205,Bongo Shield Tempered Glass Screen Protector - Samsung Galaxy Tab S2 8.0,3.9,4.49,10.99,8.99,7.99,7.99,7.49,6.99,7.99,7.49,6.99,7.99,7.49,6.99,7.99,7.49,6.99,7.99,7.49,6.99,7.99,7.49,6.99,1
BT-SPX-0206,Bongo Shield Tempered Glass Screen Protector - Samsung Galaxy Tab S 10.5,4.45,5.06,10.99,8.99,7.99,7.99,7.49,6.99,7.99,7.49,6.99,7.99,7.49,6.99,7.99,7.49,6.99,7.99,7.49,6.99,7.99,7.49,6.99,1
BT-SPX-0207,Bongo Shield Tempered Glass Screen Protector - Samsung Galaxy Tab S 8.4 3G,3.9,4.49,10.99,8.99,7.99,7.99,7.49,6.99,7.99,7.49,6.99,7.99,7.49,6.99,7.99,7.49,6.99,7.99,7.49,6.99,7.99,7.49,6.99,1
BT-SPX-0208,Bongo Shield Tempered Glass Screen Protector - Samsung Galaxy Tab A 8.0 3G,3.85,4.44,10.99,8.99,7.99,7.99,7.49,6.99,7.99,7.49,6.99,7.99,7.49,6.99,7.99,7.49,6.99,7.99,7.49,6.99,7.99,7.49,6.99,1
BT-SPX-0209,Bongo Shield Tempered Glass Screen Protector - Samsung Galaxy Tab A 9.7 Wifi/3G,4.45,5.06,10.99,8.99,7.99,7.99,7.49,6.99,7.99,7.49,6.99,7.99,7.49,6.99,7.99,7.49,6.99,7.99,7.49,6.99,7.99,7.49,6.99,1
BT-SPX-0211,Bongo Shield Tempered Glass Screen Protector - Samsung Galaxy Tab 4 10.1,4.45,4.88,10.99,8.99,7.99,7.99,7.49,6.99,7.99,7.49,6.99,7.99,7.49,6.99,7.99,7.49,6.99,7.99,7.49,6.99,7.99,7.49,6.99,1
BT-SPX-0212,Bongo Shield Tempered Glass Screen Protector - Samsung Galaxy Tab 4 7.0,3.9,4.51,10.99,8.99,7.99,7.99,7.49,6.99,7.99,7.49,6.99,7.99,7.49,6.99,7.99,7.49,6.99,7.99,7.49,6.99,7.99,7.49,6.99,1
BT-SPX-0213,B÷ngo Shield Tempered Glass Screen Protector - Samsung Galaxy Tab 3 7.0 Lite T110,3.9,4.51,10.99,8.99,7.99,7.99,7.49,6.99,7.99,7.49,6.99,7.99,7.49,6.99,7.99,7.49,6.99,7.99,7.49,6.99,7.99,7.49,6.99,1
BT-SPX-0300,Bongo Shield Tempered Glass Screen Protector - iPad Mini 4,3.9,4.49,10.99,8.99,7.99,7.99,7.49,6.99,7.99,7.49,6.99,7.99,7.49,6.99,7.99,7.49,6.99,7.99,7.49,6.99,7.99,7.49,6.99,1
BT-SPX-0301,Bongo Shield Tempered Glass Screen Protector - Samsung Galaxy Tab E 9.6,4.45,5.06,10.99,8.99,7.99,7.99,7.49,6.99,7.99,7.49,6.99,7.99,7.49,6.99,7.99,7.49,6.99,7.99,7.49,6.99,7.99,7.49,6.99,1
BT-SPX-0302,Bongo Shield Premium Tempered Glass Screen Protector - Huawei Nexus 6p,1.15,1.74,6.99,3.99,2.99,2.99,2.49,1.99,2.99,2.49,1.99,2.99,2.49,1.99,2.99,2.49,1.99,2.99,2.49,1.99,2.99,2.49,1.99,1
BT-SPX-0303,Bongo Shield Premium Tempered Glass Screen Protector - LG Nexus 5X,1.05,1.66,6.99,3.99,2.99,2.99,2.49,1.99,2.99,2.49,1.99,2.99,2.49,1.99,2.99,2.49,1.99,2.99,2.49,1.99,2.99,2.49,1.99,1
BT-SPX-0304,Bongo Shield Privacy Tempered Glass Screen Protector - iPhone 5 5S 5C,1.35,1.35,6.99,3.99,2.99,2.99,2.49,1.99,2.99,2.49,1.99,2.99,2.49,1.99,2.99,2.49,1.99,2.99,2.49,1.99,2.99,2.49,1.99,1
BT-SPX-0307,Bongo Shield Tempered Glass Screen Protector - LG G5,1.1,1.71,6.99,3.99,2.99,2.99,2.49,1.99,2.99,2.49,1.99,2.99,2.49,1.99,2.99,2.49,1.99,2.99,2.49,1.99,2.99,2.49,1.99,1
BT-SPX-0308,Bongo Shield Tempered Glass Screen Protector - HTC desire 626,1.1,1.71,6.99,3.99,2.99,2.99,2.49,1.99,2.99,2.49,1.99,2.99,2.49,1.99,2.99,2.49,1.99,2.99,2.49,1.99,2.99,2.49,1.99,1
BT-SPX-0313,Bongo Shield Tempered Glass Screen Protector - LG K7,1.1,1.71,6.99,3.99,2.99,2.99,2.49,1.99,2.99,2.49,1.99,2.99,2.49,1.99,2.99,2.49,1.99,2.99,2.49,1.99,2.99,2.49,1.99,1
BT-SPX-0314,Bongo Shield Tempered Glass Screen Protector - Alcatel idol 3 5.5inch,1.1,1.71,6.99,3.99,2.99,2.99,2.49,1.99,2.99,2.49,1.99,2.99,2.49,1.99,2.99,2.49,1.99,2.99,2.49,1.99,2.99,2.49,1.99,1
BT-SPX-0315,Bongo Shield Tempered Glass Screen Protector - Samsung galaxy J3 2016,1.1,1.71,6.99,3.99,2.99,2.99,2.49,1.99,2.99,2.49,1.99,2.99,2.49,1.99,2.99,2.49,1.99,2.99,2.49,1.99,2.99,2.49,1.99,1
BT-SPX-0316,Bongo Shield Tempered Glass Screen Protector - LG G5 Curved,6.5,6.93,9.99,8.99,6.99,6.99,6.79,6.49,6.99,6.79,6.49,6.99,6.79,6.49,6.99,6.79,6.49,6.99,6.79,6.49,6.99,6.79,6.49,1
,,,,,,,,,,,,,,,,,,,,,,,,,
BT-SPX-0317,Bongo Shield Tempered Glass Screen Protector - Samsung Galaxy Core Prime G360,0,0,6.99,3.99,2.99,2.99,2.49,1.99,2.99,2.49,1.99,2.99,2.49,1.99,2.99,2.49,1.99,2.99,2.49,1.99,2.99,2.49,1.99,1
,,,,,,,,,,,,,,,,,,,,,,,,,
BT-SPX-0318,Bongo Shield Tempered Glass Screen Protector - Samsung Galaxy Grand Prime G530,1.05,1.48,6.99,3.99,2.99,2.99,2.49,1.99,2.99,2.49,1.99,2.99,2.49,1.99,2.99,2.49,1.99,2.99,2.49,1.99,2.99,2.49,1.99,1
,,,,,,,,,,,,,,,,,,,,,,,,,
BT-SPX-0319,Bongo Shield Tempered Glass Screen Protector - iPhone 7,1.05,1.48,6.99,3.99,2.99,2.99,2.49,1.99,2.99,2.49,1.99,2.99,2.49,1.99,2.99,2.49,1.99,2.99,2.49,1.99,2.99,2.49,1.99,1
,,,,,,,,,,,,,,,,,,,,,,,,,
BT-SPX-0320,Bongo Shield Edge 2 Edge Tempered Glass Screen Protector - iPhone 6/6S Black,0,0,10.99,8.99,6.99,6.99,6.79,6.49,6.99,6.79,6.49,6.99,6.79,6.49,6.99,6.79,6.49,6.99,6.79,6.49,6.99,6.79,6.49,1
BT-SPX-0321,Bongo Shield Edge 2 Edge Tempered Glass Screen Protector - iPhone 6 Plus/6S Plus Black,0,0,10.99,8.99,6.99,6.99,6.79,6.49,6.99,6.79,6.49,6.99,6.79,6.49,6.99,6.79,6.49,6.99,6.79,6.49,6.99,6.79,6.49,1
BT-SPX-0322,Bongo Shield Edge 2 Edge Tempered Glass Screen Protector - iPhone 6/6S White,0,0,10.99,8.99,6.99,6.99,6.79,6.49,6.99,6.79,6.49,6.99,6.79,6.49,6.99,6.79,6.49,6.99,6.79,6.49,6.99,6.79,6.49,1
BT-SPX-0323,Bongo Shield Edge 2 Edge Tempered Glass Screen Protector - iPhone 6 Plus/6S Plus White,0,0,10.99,8.99,6.99,6.99,6.79,6.49,6.99,6.79,6.49,6.99,6.79,6.49,6.99,6.79,6.49,6.99,6.79,6.49,6.99,6.79,6.49,1
BT-SPX-0324,Bongo Shield Edge 2 Edge Tempered Glass Screen Protector - iPhone 7 Black,0,0,10.99,8.99,6.99,6.99,6.79,6.49,6.99,6.79,6.49,6.99,6.79,6.49,6.99,6.79,6.49,6.99,6.79,6.49,6.99,6.79,6.49,1
BT-SPX-0325,Bongo Shield Edge 2 Edge Tempered Glass Screen Protector - iPhone 7 Plus Black,0,0,10.99,8.99,6.99,6.99,6.79,6.49,6.99,6.79,6.49,6.99,6.79,6.49,6.99,6.79,6.49,6.99,6.79,6.49,6.99,6.79,6.49,1
BT-SPX-0326,Bongo Shield Edge 2 Edge Tempered Glass Screen Protector - iPhone 7 White,0,0,10.99,8.99,6.99,6.99,6.79,6.49,6.99,6.79,6.49,6.99,6.79,6.49,6.99,6.79,6.49,6.99,6.79,6.49,6.99,6.79,6.49,1
BT-SPX-0327,Bongo Shield Edge 2 Edge Tempered Glass Screen Protector - iPhone 7 Plus White,0,0,10.99,8.99,6.99,6.99,6.79,6.49,6.99,6.79,6.49,6.99,6.79,6.49,6.99,6.79,6.49,6.99,6.79,6.49,6.99,6.79,6.49,1
BT-SPX-0328,Bongo Shield Edge 2 Edge Tempered Glass Screen Protector - Samsung Galaxy S6,0,0,8.99,6.99,5.99,4.99,4.79,3.99,4.99,4.79,3.99,4.99,4.79,3.99,4.99,4.79,3.99,4.99,4.79,3.99,4.99,4.79,3.99,1
BT-SPX-0329,Bongo Shield Edge 2 Edge Tempered Glass Screen Protector - Samsung Galaxy S6 Edge,0,0,8.99,6.99,5.99,4.99,4.79,3.99,4.99,4.79,3.99,4.99,4.79,3.99,4.99,4.79,3.99,4.99,4.79,3.99,4.99,4.79,3.99,1
BT-SPX-0330,Bongo Shield Edge 2 Edge Tempered Glass Screen Protector - Samsung Galaxy S6 Edge Plus,0,0,8.99,6.99,5.99,4.99,4.79,3.99,4.99,4.79,3.99,4.99,4.79,3.99,4.99,4.79,3.99,4.99,4.79,3.99,4.99,4.79,3.99,1
BT-SPX-0331,Bongo Shield Edge 2 Edge Tempered Glass Screen Protector - Samsung Galaxy S7,0,0,8.99,6.99,5.99,4.99,4.79,3.99,4.99,4.79,3.99,4.99,4.79,3.99,4.99,4.79,3.99,4.99,4.79,3.99,4.99,4.79,3.99,1
BT-SPX-0332,Bongo Shield Edge 2 Edge Tempered Glass Screen Protector - Samsung Galaxy S7 Edge,0,0,8.99,6.99,5.99,4.99,4.79,3.99,4.99,4.79,3.99,4.99,4.79,3.99,4.99,4.79,3.99,4.99,4.79,3.99,4.99,4.79,3.99,1
